id,color,r,g,b,name,owner,type,topography,vegetation,climate,natural_harbor_suitability,religion,culture,population,raw_material,location,province,area,region,subcontinent,continent,impassable_mountains,sea_zones,coastal,is_lake
0,#011E1E,1,30,30,Autekan Lake,SeaZone,lake,lakes,,continental,,,,,,autekan_lake,nerskol_province,nerskol_area,harving_region,auteka,berlogoes,,,,yes
0,#011919,1,25,25,Lake Sulcas,SeaZone,lake,lakes,,continental,,,,,,lake_sulcas,sulcas_province,seulcaynia_area,harving_region,auteka,berlogoes,,,,yes
0,#011414,1,20,20,Kodan Lake,SeaZone,lake,lakes,,continental,,,,,,kodan_lake,bohem_province,kodanium_area,grayston_region,tousourilea,berlogoes,,,,yes
0,#010F0F,1,15,15,Swanlake,SeaZone,lake,lakes,,continental,,,,,,swanlake,cadrokia_province,cadrokia_area,grayston_region,tousourilea,berlogoes,,,,yes
0,#010A0A,1,10,10,Hasperian Lake,SeaZone,lake,lakes,,continental,,,,,,hasperian_lake,hasper_province,mozze_area,mozze_region,tousourilea,berlogoes,,,,yes
0,#02FFFF,2,255,255,Lake Ritimea,SeaZone,lake,lakes,,continental,,,,,,lake_ritimea,bailshe_province,batrasid_area,durninia_region,tousourilea,berlogoes,,,,yes
0,#02FAFA,2,250,250,Lake Delta,SeaZone,lake,lakes,,continental,,,,,,lake_delta,pukarres_province,woestlands_area,pukaland_region,kaltic,berlogoes,,,,yes
0,#02E6E6,2,230,230,Lake Dagrastlor,SeaZone,lake,lakes,,continental,,,,,,lake_dagrastlor,purtl_province,grenid_area,pukaland_region,kaltic,berlogoes,,,,yes
0,#02E1E1,2,225,225,Lake Iratia,SeaZone,lake,lakes,,continental,,,,,,lake_iratia,iratia_province,costia_area,easterlands_region,kaltic,berlogoes,,,,yes
0,#02DCDC,2,220,220,Lake Zebastan,SeaZone,lake,lakes,,continental,,,,,,lake_zebastan,zebastan_province,gerson_area,garson_region,lugeania,berlogoes,,,,yes
0,#02D7D7,2,215,215,Lake Bogomo,SeaZone,lake,lakes,,continental,,,,,,lake_bogomo,walvesti_province,sanxho_area,parsii_region,lugeania,berlogoes,,,,yes
0,#02D2D2,2,210,210,Lake Aldraat,SeaZone,lake,lakes,,continental,,,,,,lake_aldraat,waldium_province,dergonatsilia_area,aravia_region,lugeania,berlogoes,,,,yes
0,#02CDCD,2,205,205,Lake Karmia,SeaZone,lake,lakes,,arctic,,,,,,lake_karmia,karmia_province,karmia_area,saqunjak_region,lugeania,berlogoes,,,,yes
0,#02C8C8,2,200,200,Lake Dechlion,SeaZone,lake,lakes,,continental,,,,,,lake_dechlion,dechlion_province,arcadia_area,aravia_region,lugeania,berlogoes,,,,yes
0,#02C3C3,2,195,195,Lake Trache,SeaZone,lake,lakes,,continental,,,,,,lake_trache,larviena_province,trache_area,saqunjak_region,lugeania,berlogoes,,,,yes
0,#02d8d7,2,216,215,Lake Sanxho,SeaZone,lake,lakes,,continental,,,,,,lake_sanxho,walvesti_province,sanxho_area,parsii_region,lugeania,berlogoes,,,,yes
0,#02c4c3,2,196,195,Lake Kyrellos,,lake,lakes,,continental,,,,,,lake_kyrellos,larviena_province,trache_area,saqunjak_region,lugeania,berlogoes,,,,yes
0,#02c5c3,2,197,195,Lake Evtrevin,,lake,lakes,,continental,,,,,,lake_evtrevin,avantras_province,eveston_area,piatraston_region,lugeania,berlogoes,,,,yes
0,#02c9c8,2,201,200,Lake Larviena,,lake,lakes,,continental,,,,,,lake_larviena,desaran_province,arcadia_area,aravia_region,lugeania,berlogoes,,,,yes
,#1f4d54,31,77,84,Senetai Lagoon,,lake,lakes,,continental,,,,,,senetai_lagoon,senetai_province,carson_area,garson_region,lugeania,berlogoes,,,,yes
,#1d494f,29,73,79,Skirpegic Delta,,lake,lakes,,continental,,,,,,skirpegic_delta,skirpeggikia_province,skirpeggikia_area,pukaland_region,kaltic,berlogoes,,,,yes
,#205056,32,80,86,Lake Iritais,,lake,lakes,,continental,,,,,,lake_iritais,iritais_province,skirpeggikia_area,pukaland_region,kaltic,berlogoes,,,,yes
,#245c63,36,92,99,Holy Chairenian Bay,,lake,inland_sea,,continental,,,,,,holy_chairenian_bay,lake_alpha_province,pukaland_sea_zones,pukaland_region,kaltic,berlogoes,,yes,,
,#21555b,33,85,91,Hitolis Isthmus,,lake,inland_sea,,continental,,,,,,hitolis_isthmus,lake_alpha_province,pukaland_sea_zones,pukaland_region,kaltic,berlogoes,,yes,,
,#22575e,34,87,94,Visianta Bay,,lake,inland_sea,,continental,,,,,,visianta_bay,lake_alpha_province,pukaland_sea_zones,pukaland_region,kaltic,berlogoes,,yes,,
,#215259,33,82,89,Wiktorian Isthmus,,lake,inland_sea,,continental,,,,,,wiktorian_isthmus,lake_alpha_province,pukaland_sea_zones,pukaland_region,kaltic,berlogoes,,yes,,
,#27626b,39,98,107,Lake Pielepopils,,lake,lakes,,continental,,,,,,lake_pielepopils,bolbegarisa_province,archavia_area,pukaland_region,kaltic,berlogoes,,,,yes
,#28646d,40,100,109,Skwenlaag,,lake,lakes,,continental,,,,,,skwenlaag,bolbegarisa_province,archavia_area,pukaland_region,kaltic,berlogoes,,,,yes
,#112c30,17,44,48,Dajonilaag,,lake,lakes,,continental,,,,,,dajonilaag,rostenboe_province,archavia_area,pukaland_region,kaltic,berlogoes,,,,yes
,#296670,41,102,112,Lake Bolbegaar,,lake,lakes,,continental,,,,,,lake_bolbegaar,kayarnie_province,grenid_area,pukaland_region,kaltic,berlogoes,,,,yes
,#2c6d77,44,109,119,Lake Costavia,,lake,lakes,,continental,,,,,,lake_costavia,costavia_province,woestlands_area,pukaland_region,kaltic,berlogoes,,,,yes
,#2b6b75,43,107,117,Badreshad Lake,,lake,lakes,,continental,,,,,,badreshad_lake,mazupis_province,grenid_area,pukaland_region,kaltic,berlogoes,,,,yes
,#2a6972,42,105,114,Lake Krne,,lake,lakes,,continental,,,,,,lake_krne,kayarnie_province,grenid_area,pukaland_region,kaltic,berlogoes,,,,yes
,#2d707a,45,112,122,Nuvanvilaag,,lake,lakes,,continental,,,,,,nuvanvilaag,nuvanvi_province,nuvia_area,nuvanviut_region,kaltic,berlogoes,,,,yes
,#2e727c,46,114,124,Lake Pelire,,lake,lakes,,continental,,,,,,lake_pelire,hasper_province,mozze_area,mozze_region,tousourilea,berlogoes,,,,yes
,#1c464c,28,70,76,Lake Sikes,,lake,lakes,,continental,,,,,,lake_sikes,comerzudial_province,dekiston_area,grayston_region,tousourilea,berlogoes,,,,yes
,#1a4247,26,66,71,Fadious Lake,,lake,lakes,,continental,,,,,,fadious_lake,comerzudial_province,dekiston_area,grayston_region,tousourilea,berlogoes,,,,yes
,#317984,49,121,132,Pandattan Lakes,,lake,lakes,,continental,,,,,,pandattan_lakes,pandatta_province,pandatta_area,soriden_region,tousourilea,berlogoes,,,,yes
,#368793,54,135,147,Lorkian Lake,,lake,lakes,,continental,,,,,,lorkian_lake,grimeha_province,krenar_area,lorkia_region,auteka,berlogoes,,,,yes
,#34828e,52,130,142,Baluklaag,,lake,lakes,,continental,,,,,,baluklaag,baluknia_province,irvaltia_area,irvaltic_region,auteka,berlogoes,,,,yes
,#33808c,51,128,140,Laagtereza,,lake,lakes,,continental,,,,,,laagtereza,ripteresa_province,irvaltia_area,irvaltic_region,auteka,berlogoes,,,,yes
,#327e89,50,126,137,Laagirvious,,lake,lakes,,continental,,,,,,laagirvious,irvyser_province,irvaltia_area,irvaltic_region,auteka,berlogoes,,,,yes
,#327b87,50,123,135,Valiganslaag,,lake,lakes,,continental,,,,,,valiganslaag,kiltenic_province,irvaltia_area,irvaltic_region,auteka,berlogoes,,,,yes
,#1e4b51,30,75,81,Lake Penninitia,,lake,lakes,,continental,,,,,,lake_penninitia,alzmorizet_province,perratia_area,talima_region,kaltic,berlogoes,,,,yes
,#7cf98b,124,249,139,Fighting Fifties,,sea,coastal_ocean,,arctic,,,,,,fighting_fifties1,fighting_fifties_province,cretuka_sea_zones,cretuka_region,lugeania,berlogoes,,yes,,
,#7af488,122,244,136,Fighting Fifties,,sea,coastal_ocean,,arctic,,,,,,fighting_fifties2,fighting_fifties_province,cretuka_sea_zones,cretuka_region,lugeania,berlogoes,,yes,,
,#77ef85,119,239,133,Exodus Sea,,sea,narrows,,continental,,,,,,exodus_sea1,exodus_sea_province,cretuka_sea_zones,cretuka_region,lugeania,berlogoes,,yes,,
,#67ce73,103,206,115,Carfetso Sea,,sea,coastal_ocean,,continental,,,,,,carfetso_sea1,carfetso_sea_province,cretuka_sea_zones,cretuka_region,lugeania,berlogoes,,yes,,
,#6edd7b,110,221,123,Fighting Fifties,,sea,coastal_ocean,,arctic,,,,,,fighting_fifties3,fighting_fifties_province,cretuka_sea_zones,cretuka_region,lugeania,berlogoes,,yes,,
,#71e27e,113,226,126,Exodus Sea,,sea,inland_sea,,continental,,,,,,exodus_sea2,exodus_sea_province,cretuka_sea_zones,cretuka_region,lugeania,berlogoes,,yes,,
,#74e881,116,232,129,Exodus Sea,,sea,inland_sea,,continental,,,,,,exodus_sea3,exodus_sea_province,cretuka_sea_zones,cretuka_region,lugeania,berlogoes,,yes,,
,#4d9b56,77,155,86,Exodus Sea,,sea,inland_sea,,continental,,,,,,exodus_sea4,exodus_sea_province,cretuka_sea_zones,cretuka_region,lugeania,berlogoes,,yes,,
,#4f9e58,79,158,88,Exodus Sea,,sea,inland_sea,,continental,,,,,,exodus_sea5,exodus_sea_province,cretuka_sea_zones,cretuka_region,lugeania,berlogoes,,yes,,
,#50a059,80,160,89,Exodus Sea,,sea,inland_sea,,continental,,,,,,exodus_sea6,exodus_sea_province,cretuka_sea_zones,cretuka_region,lugeania,berlogoes,,yes,,
,#7fff8e,127,255,142,Exodus Sea,,sea,inland_sea,,continental,,,,,,exodus_sea7,exodus_sea_province,cretuka_sea_zones,cretuka_region,lugeania,berlogoes,,yes,,
,#52a55c,82,165,92,Exodus Sea,,sea,inland_sea,,continental,,,,,,exodus_sea8,exodus_sea_province,cretuka_sea_zones,cretuka_region,lugeania,berlogoes,,yes,,
,#6cd879,108,216,121,Fighting Fifties,,sea,coastal_ocean,,arctic,,,,,,fighting_fifties4,fighting_fifties_province,cretuka_sea_zones,cretuka_region,lugeania,berlogoes,,yes,,
,#69d376,105,211,118,Exodus Sea,,sea,inland_sea,,continental,,,,,,exodus_sea9,exodus_sea_province,cretuka_sea_zones,cretuka_region,lugeania,berlogoes,,yes,,
,#54a85d,84,168,93,Exodus Sea,,sea,narrows,,continental,,,,,,exodus_sea10,exodus_sea_province,cretuka_sea_zones,cretuka_region,lugeania,berlogoes,,yes,,
,#55aa5f,85,170,95,Carfetso Sea,,sea,narrows,,continental,,,,,,carfetso_sea2,carfetso_sea_province,cretuka_sea_zones,cretuka_region,lugeania,berlogoes,,yes,,
,#56ad60,86,173,96,Carfetso Sea,,sea,coastal_ocean,,continental,,,,,,carfetso_sea3,carfetso_sea_province,cretuka_sea_zones,cretuka_region,lugeania,berlogoes,,yes,,
,#57af62,87,175,98,Carfetso Sea,,sea,coastal_ocean,,continental,,,,,,carfetso_sea4,carfetso_sea_province,cretuka_sea_zones,cretuka_region,lugeania,berlogoes,,yes,,
,#59b263,89,178,99,Carfetso Sea,,sea,coastal_ocean,,continental,,,,,,carfetso_sea5,carfetso_sea_province,cretuka_sea_zones,cretuka_region,lugeania,berlogoes,,yes,,
,#5dba67,93,186,103,Creti Sea,,sea,coastal_ocean,,continental,,,,,,creti_sea1,creti_sea_province,cretuka_sea_zones,cretuka_region,lugeania,berlogoes,,yes,,
,#5bb766,91,183,102,Creti Sea,,sea,coastal_ocean,,continental,,,,,,creti_sea2,creti_sea_province,cretuka_sea_zones,cretuka_region,lugeania,berlogoes,,yes,,
,#62c46d,98,196,109,Creti Sea,,sea,coastal_ocean,,continental,,,,,,creti_sea3,creti_sea_province,cretuka_sea_zones,cretuka_region,lugeania,berlogoes,,yes,,
,#64c970,100,201,112,Creti Sea,,sea,coastal_ocean,,continental,,,,,,creti_sea4,creti_sea_province,cretuka_sea_zones,cretuka_region,lugeania,berlogoes,,yes,,
,#5fbf6a,95,191,106,Creti Sea,,sea,coastal_ocean,,continental,,,,,,creti_sea5,creti_sea_province,cretuka_sea_zones,cretuka_region,lugeania,berlogoes,,yes,,
,#9881c6,152,129,198,Saqunjak Sea,,sea,coastal_ocean,,arctic,,,,,,saqunjak_sea,saqunjak_sea_province,saqunjak_sea_zones,saqunjak_region,lugeania,berlogoes,,yes,,
,#967fc4,150,127,196,Saqunjak Sea,,sea,coastal_ocean,,arctic,,,,,,saqunjak_sea,saqunjak_sea_province,saqunjak_sea_zones,saqunjak_region,lugeania,berlogoes,,yes,,
,#947dc1,148,125,193,Saqunjak Sea,,sea,coastal_ocean,,arctic,,,,,,saqunjak_sea,saqunjak_sea_province,saqunjak_sea_zones,saqunjak_region,lugeania,berlogoes,,yes,,
,#927cbf,146,124,191,Saqunjak Sea,,sea,coastal_ocean,,arctic,,,,,,saqunjak_sea,saqunjak_sea_province,saqunjak_sea_zones,saqunjak_region,lugeania,berlogoes,,yes,,
,#907abc,144,122,188,Saqunjak Sea,,sea,coastal_ocean,,arctic,,,,,,saqunjak_sea,saqunjak_sea_province,saqunjak_sea_zones,saqunjak_region,lugeania,berlogoes,,yes,,
,#9c83cb,156,131,203,Saqunjak Sea,,sea,coastal_ocean,,continental,,,,,,saqunjak_sea,saqunjak_sea_province,saqunjak_sea_zones,saqunjak_region,lugeania,berlogoes,,yes,,
,#7c8ff9,124,143,249,Eveston Sea,,sea,narrows,,continental,,,,,,eveston_sea1,eveston_sea_province,piatraston_sea_zones,piatraston_region,lugeania,berlogoes,,yes,,
,#7e91fc,126,145,252,Eveston Sea,,sea,coastal_ocean,,continental,,,,,,eveston_sea2,eveston_sea_province,piatraston_sea_zones,piatraston_region,lugeania,berlogoes,,yes,,
,#7b8ef7,123,142,247,Eveston Sea,,sea,inland_sea,,continental,,,,,,eveston_sea3,eveston_sea_province,piatraston_sea_zones,piatraston_region,lugeania,berlogoes,,yes,,
,#7a8cf4,122,140,244,Quaid Bay,,sea,narrows,,continental,,,,,,quaid_bay1,quaid_bay_province,piatraston_sea_zones,piatraston_region,lugeania,berlogoes,,yes,,
,#7f92ff,127,146,255,Quaid Bay,,sea,narrows,,continental,,,,,,quaid_bay2,quaid_bay_province,piatraston_sea_zones,piatraston_region,lugeania,berlogoes,,yes,,
,#7b95af,123,149,175,Aravian Sea,,sea,inland_sea,,continental,,,,,,aravian_sea1,aravian_sea_province,aravia_sea_zones,aravia_region,lugeania,berlogoes,,yes,,
,#7993ad,121,147,173,Aravian Sea,,sea,narrows,,continental,,,,,,aravian_sea2,aravian_sea_province,aravia_sea_zones,aravia_region,lugeania,berlogoes,,yes,,
,#7791aa,119,145,170,Aravian Sea,,sea,coastal_ocean,,continental,,,,,,aravian_sea3,aravian_sea_province,aravia_sea_zones,aravia_region,lugeania,berlogoes,,yes,,
,#758fa8,117,143,168,Hiksof Bay,,sea,coastal_ocean,,continental,,,,,,hiksof_bay,aravian_sea_province,aravia_sea_zones,aravia_region,lugeania,berlogoes,,yes,,
,#7d99b5,125,153,181,Ithyaac Sea,,sea,coastal_ocean,,continental,,,,,,ithyaac_sea,aravian_sea_province,aravia_sea_zones,aravia_region,lugeania,berlogoes,,yes,,
,#fcda7e,252,218,126,Siganito Sea,,sea,coastal_ocean,,continental,,,,,,siganito_sea1,siganito_sea_province,skersjak_sea_zones,skersjak_region,lugeania,berlogoes,,yes,,
,#f9d87c,249,216,124,Siganito Sea,,sea,coastal_ocean,,continental,,,,,,siganito_sea2,siganito_sea_province,skersjak_sea_zones,skersjak_region,lugeania,berlogoes,,yes,,
,#f7d67b,247,214,123,Siganito Sea,,sea,coastal_ocean,,continental,,,,,,siganito_sea3,siganito_sea_province,skersjak_sea_zones,skersjak_region,lugeania,berlogoes,,yes,,
,#eacb75,234,203,117,Wenzor Sea,,sea,coastal_ocean,,continental,,,,,,wenzor_sea1,wenzor_sea_province,skersjak_sea_zones,skersjak_region,lugeania,berlogoes,,yes,,
,#f4d47a,244,212,122,Wenzor Sea,,sea,coastal_ocean,,continental,,,,,,wenzor_sea2,wenzor_sea_province,skersjak_sea_zones,skersjak_region,lugeania,berlogoes,,yes,,
,#efcf77,239,207,119,Wenzor Sea,,sea,coastal_ocean,,continental,,,,,,wenzor_sea3,wenzor_sea_province,skersjak_sea_zones,skersjak_region,lugeania,berlogoes,,yes,,
,#e8c974,232,201,116,Marzonian Sea,,sea,coastal_ocean,,continental,,,,,,marzonian_sea1,marzonian_sea_province,skersjak_sea_zones,skersjak_region,lugeania,berlogoes,,yes,,
,#ffdd7f,255,221,127,Marzonian Sea,,sea,coastal_ocean,,continental,,,,,,marzonian_sea2,marzonian_sea_province,skersjak_sea_zones,skersjak_region,lugeania,berlogoes,,yes,,
,#7cf9bf,124,249,191,Carsonan Sea,,sea,inland_sea,,continental,,,,,,carsonan_sea1,carsonan_sea_province,carson_sea_zones,garson_region,lugeania,berlogoes,,yes,,
,#76edb3,118,237,179,Carsonan Bay,,sea,coastal_ocean,,continental,,,,,,carsonan_bay1,carsonan_sea_province,carson_sea_zones,garson_region,lugeania,berlogoes,,yes,,
,#7af4bb,122,244,187,Senetai Strait,,sea,narrows,,continental,,,,,,senetai_bay,carsonan_sea_province,carson_sea_zones,garson_region,lugeania,berlogoes,,yes,,
,#7fffc5,127,255,197,Carsonan Bay,,sea,coastal_ocean,,continental,,,,,,carsonan_bay2,carsonan_sea_province,carson_sea_zones,garson_region,lugeania,berlogoes,,yes,,
,#74e8af,116,232,175,Quentinel Sea,,sea,coastal_ocean,,continental,,,,,,quentinel_sea1,quentinel_sea_province,gerson_sea_zones,garson_region,lugeania,berlogoes,,yes,,
,#71e2ac,113,226,172,Quentinel Sea,,sea,coastal_ocean,,continental,,,,,,quentinel_sea2,quentinel_sea_province,gerson_sea_zones,garson_region,lugeania,berlogoes,,yes,,
,#6edda8,110,221,168,Quentinel Sea,,sea,coastal_ocean,,continental,,,,,,quentinel_sea3,quentinel_sea_province,gerson_sea_zones,garson_region,lugeania,berlogoes,,yes,,
,#69d3a0,105,211,160,Gzerai Sea,,sea,narrows,,continental,,,,,,gzerai_sea,gizanian_sea_province,gerson_sea_zones,garson_region,lugeania,berlogoes,,yes,,
,#6cd8a4,108,216,164,Gizanian Sea,,sea,coastal_ocean,,continental,,,,,,gizanian_sea,gizanian_sea_province,gerson_sea_zones,garson_region,lugeania,berlogoes,,yes,,
,#78bcad,120,188,173,Perratian Sea,,sea,coastal_ocean,,continental,,,,,,perratian_sea,perratian_sea_province,talima_sea_zones,talima_region,lugeania,berlogoes,,yes,,
,#72b2a4,114,178,164,Penninitian Sea,,sea,coastal_ocean,,continental,,,,,,penninitian_sea1,perratian_sea_province,talima_sea_zones,talima_region,lugeania,berlogoes,,yes,,
,#75b7a9,117,183,169,Luzsta Bay,,sea,narrows,,continental,,,,,,luzsta_bay,perratian_sea_province,talima_sea_zones,talima_region,lugeania,berlogoes,,yes,,
,#6ead9f,110,173,159,Penninitian Sea,,sea,coastal_ocean,,continental,,,,,,penninitian_sea2,zapir_bay_province,talima_sea_zones,talima_region,lugeania,berlogoes,,yes,,
,#6ba89b,107,168,155,Toixfor Bay,,sea,coastal_ocean,,continental,,,,,,toixfor_bay,zapir_bay_province,talima_sea_zones,talima_region,lugeania,berlogoes,,yes,,
,#7dc4b5,125,196,181,Zapir Bay,,sea,narrows,,continental,,,,,,zapir_bay,zapir_bay_province,talima_sea_zones,talima_region,lugeania,berlogoes,,yes,,
,#f97ce9,249,124,233,Sarcian Sea,,sea,coastal_ocean,,continental,,,,,,sarcian_sea1,sarcian_sea_province,easterlands_sea_zone,easterlands_region,kaltic,berlogoes,,yes,,
,#f279e4,242,121,228,Sarcian Sea,,sea,coastal_ocean,,continental,,,,,,sarcian_sea2,sarcian_sea_province,easterlands_sea_zone,easterlands_region,kaltic,berlogoes,,yes,,
,#ff7fed,255,127,237,Costian Sea,,sea,coastal_ocean,,continental,,,,,,costian_sea1,costian_sea_province,easterlands_sea_zone,easterlands_region,kaltic,berlogoes,,yes,,
,#dd6ed0,221,110,208,Costian Sea,,sea,coastal_ocean,,continental,,,,,,costian_sea2,costian_sea_province,easterlands_sea_zone,easterlands_region,kaltic,berlogoes,,yes,,
,#ed76df,237,118,223,Costian Sea,,sea,narrows,,continental,,,,,,costian_sea3,costian_sea_province,easterlands_sea_zone,easterlands_region,kaltic,berlogoes,,yes,,
,#e271d5,226,113,213,Costian Sea,,sea,inland_sea,,continental,,,,,,costian_sea4,costian_sea_province,easterlands_sea_zone,easterlands_region,kaltic,berlogoes,,yes,,
,#e874da,232,116,218,Costian Sea,,sea,narrows,,continental,,,,,,costian_sea5,costian_sea_province,easterlands_sea_zone,easterlands_region,kaltic,berlogoes,,yes,,
,#fcdacf,252,218,207,Carsonan Sea,,sea,inland_sea,,continental,,,,,,carsonan_sea2,strait_of_dergonatsilia_province,parsii_sea_zones,parsii_region,lugeania,berlogoes,,yes,,
,#f9d8cc,249,216,204,Strait of Dergonatsilia,,sea,narrows,,continental,,,,,,strait_of_dergonatsilia,strait_of_dergonatsilia_province,parsii_sea_zones,parsii_region,lugeania,berlogoes,,yes,,
,#f7d5ca,247,213,202,Vikoran Sea,,sea,narrows,,continental,,,,,,vikoran_sea1,strait_of_dergonatsilia_province,parsii_sea_zones,parsii_region,lugeania,berlogoes,,yes,,
,#f4d3c8,244,211,200,Vikoran Sea,,sea,coastal_ocean,,continental,,,,,,vikoran_sea2,vikoran_sea_province,parsii_sea_zones,parsii_region,lugeania,berlogoes,,yes,,
,#efcec4,239,206,196,Parsiian Sea,,sea,coastal_ocean,,continental,,,,,,parsiian_sea1,vikoran_sea_province,parsii_sea_zones,parsii_region,lugeania,berlogoes,,yes,,
,#edccc2,237,204,194,Parsiian Sea,,sea,inland_sea,,continental,,,,,,parsiian_sea2,parsiian_sea_province,parsii_sea_zones,parsii_region,lugeania,berlogoes,,yes,,
,#eacac0,234,202,192,Parsiian Sea,,sea,inland_sea,,continental,,,,,,parsiian_sea3,parsiian_sea_province,parsii_sea_zones,parsii_region,lugeania,berlogoes,,yes,,
,#e8c8be,232,200,190,Parsiian Sea,,sea,inland_sea,,continental,,,,,,parsiian_sea4,parsiian_sea_province,parsii_sea_zones,parsii_region,lugeania,berlogoes,,yes,,
,#e2c3ba,226,195,186,Parsiian Sea,,sea,inland_sea,,continental,,,,,,parsiian_sea5,parsiian_sea_province,parsii_sea_zones,parsii_region,lugeania,berlogoes,,yes,,
,#e5c5bc,229,197,188,Parsiian Sea,,sea,narrows,,continental,,,,,,parsiian_sea6,parsiian_sea_province,parsii_sea_zones,parsii_region,lugeania,berlogoes,,yes,,
,#ffddd1,255,221,209,Parsiian Sea,,sea,coastal_ocean,,continental,,,,,,parsiian_sea7,vikoran_sea_province,parsii_sea_zones,parsii_region,lugeania,berlogoes,,yes,,
,#ddbfb5,221,191,181,Parsiian Sea,,sea,coastal_ocean,,continental,,,,,,parsiian_sea8,vikoran_sea_province,parsii_sea_zones,parsii_region,lugeania,berlogoes,,yes,,
,#e0c1b8,224,193,184,Parsiian Sea,,sea,coastal_ocean,,continental,,,,,,parsiian_sea9,vikoran_sea_province,parsii_sea_zones,parsii_region,lugeania,berlogoes,,yes,,
,#c9b1b1,201,177,177,Skirpegic Sea,,sea,coastal_ocean,,continental,,,,,,skirpegic_sea1,skirpegic_sea_province,pukaland_sea_zones,pukaland_region,kaltic,berlogoes,,yes,,
,#c1acac,193,172,172,Skirpegic Sea,,sea,coastal_ocean,,continental,,,,,,skirpegic_sea2,skirpegic_sea_province,pukaland_sea_zones,pukaland_region,kaltic,berlogoes,,yes,,
,#bca9a9,188,169,169,Skirpegic Sea,,sea,coastal_ocean,,continental,,,,,,skirpegic_sea3,skirpegic_sea_province,pukaland_sea_zones,pukaland_region,kaltic,berlogoes,,yes,,
,#baa7a7,186,167,167,Archavian Sea,,sea,coastal_ocean,,continental,,,,,,archavian_sea1,archavian_sea_province,pukaland_sea_zones,pukaland_region,kaltic,berlogoes,,yes,,
,#b7a5a5,183,165,165,Archavian Sea,,sea,coastal_ocean,,continental,,,,,,archavian_sea2,archavian_sea_province,pukaland_sea_zones,pukaland_region,kaltic,berlogoes,,yes,,
,#b5a2a2,181,162,162,Archavian Sea,,sea,coastal_ocean,,continental,,,,,,archavian_sea3,archavian_sea_province,pukaland_sea_zones,pukaland_region,kaltic,berlogoes,,yes,,
,#b2a0a0,178,160,160,Archavian Sea,,sea,coastal_ocean,,continental,,,,,,archavian_sea4,archavian_sea_province,pukaland_sea_zones,pukaland_region,kaltic,berlogoes,,yes,,
,#ceb5b5,206,181,181,Sutten Sea,,sea,coastal_ocean,,continental,,,,,,sutten_sea1,sutten_bank_province,pukaland_sea_zones,pukaland_region,kaltic,berlogoes,,yes,,
,#c9b2b1,201,178,177,Archavian Sea,,sea,coastal_ocean,,continental,,,,,,archavian_sea5,archavian_sea_province,pukaland_sea_zones,pukaland_region,kaltic,berlogoes,,yes,,
,#c6afaf,198,175,175,Sutten Bank,,sea,coastal_ocean,,continental,,,,,,sutten_bank,sutten_bank_province,pukaland_sea_zones,pukaland_region,kaltic,berlogoes,,yes,,
,#c1aaaa,193,170,170,Sutten Sea,,sea,coastal_ocean,,continental,,,,,,sutten_sea2,sutten_bank_province,pukaland_sea_zones,pukaland_region,kaltic,berlogoes,,yes,,
,#7efcfc,126,252,252,Tikolan Sea,,sea,coastal_ocean,,continental,,,,,,tikolan_sea1,tikolan_sea_province,salazare_sea_zones_area,salazare_region,kaltic,berlogoes,,yes,,
,#7cf9f9,124,249,249,Tikolan Sea,,sea,coastal_ocean,,continental,,,,,,tikolan_sea2,tikolan_sea_province,salazare_sea_zones_area,salazare_region,kaltic,berlogoes,,yes,,
,#7bf7f7,123,247,247,Tikolan Sea,,sea,narrows,,continental,,,,,,tikolan_sea3,tikolan_sea_province,salazare_sea_zones_area,salazare_region,kaltic,berlogoes,,yes,,
,#7af4f4,122,244,244,Tikolan Sea,,sea,coastal_ocean,,continental,,,,,,tikolan_sea4,tikolan_sea_province,salazare_sea_zones_area,salazare_region,kaltic,berlogoes,,yes,,
,#79f2f2,121,242,242,Tikolan Sea,,sea,narrows,,continental,,,,,,tikolan_sea5,tikolan_sea_province,salazare_sea_zones_area,salazare_region,kaltic,berlogoes,,yes,,
,#77efef,119,239,239,Tikolan Sea,,sea,coastal_ocean,,arctic,,,,,,tikolan_sea6,tikolan_sea_province,salazare_sea_zones_area,salazare_region,kaltic,berlogoes,,yes,,
,#76eded,118,237,237,Tikolan Sea,,sea,coastal_ocean,,arctic,,,,,,tikolan_sea7,tikolan_sea_province,salazare_sea_zones_area,salazare_region,kaltic,berlogoes,,yes,,
,#75eaea,117,234,234,Loise Current,,sea,coastal_ocean,,arctic,,,,,,loise_current1,loise_current_province,salazare_sea_zones_area,salazare_region,kaltic,berlogoes,,yes,,
,#74e8e8,116,232,232,Loise Current,,sea,coastal_ocean,,arctic,,,,,,loise_current2,loise_current_province,salazare_sea_zones_area,salazare_region,kaltic,berlogoes,,yes,,
,#72e5e5,114,229,229,Loise Current,,sea,coastal_ocean,,arctic,,,,,,loise_current3,loise_current_province,salazare_sea_zones_area,salazare_region,kaltic,berlogoes,,yes,,
,#71e2e2,113,226,226,Loise Current,,sea,coastal_ocean,,arctic,,,,,,loise_current4,loise_current_province,salazare_sea_zones_area,salazare_region,kaltic,berlogoes,,yes,,
,#70e0e0,112,224,224,Loise Current,,sea,coastal_ocean,,arctic,,,,,,loise_current5,loise_current_province,salazare_sea_zones_area,salazare_region,kaltic,berlogoes,,yes,,
,#6edddd,110,221,221,Tikolan Sea,,sea,coastal_ocean,,arctic,,,,,,tikolan_sea8,tikolan_sea_province,salazare_sea_zones_area,salazare_region,kaltic,berlogoes,,yes,,
,#6ddbdb,109,219,219,Tikolan Sea,,sea,coastal_ocean,,continental,,,,,,tikolan_sea9,tikolan_sea_province,salazare_sea_zones_area,salazare_region,kaltic,berlogoes,,yes,,
,#6cd8d8,108,216,216,Nuvian Sea,,sea,coastal_ocean,,continental,,,,,,nuvian_sea1,nuvian_sea_province,salazare_sea_zones_area,salazare_region,kaltic,berlogoes,,yes,,
,#6bd6d6,107,214,214,Nuvian Sea,,sea,narrows,,continental,,,,,,nuvian_sea2,nuvian_sea_province,salazare_sea_zones_area,salazare_region,kaltic,berlogoes,,yes,,
,#69d3d3,105,211,211,Nuvian Sea,,sea,coastal_ocean,,continental,,,,,,nuvian_sea3,nuvian_sea_province,salazare_sea_zones_area,salazare_region,kaltic,berlogoes,,yes,,
,#68d1d1,104,209,209,Tarawa Sea,,sea,coastal_ocean,,continental,,,,,,tarawa_sea1,tarawa_sea_province,salazare_sea_zones_area,salazare_region,kaltic,berlogoes,,yes,,
,#67cece,103,206,206,Tarawa Sea,,sea,coastal_ocean,,continental,,,,,,tarawa_sea2,tarawa_sea_province,salazare_sea_zones_area,salazare_region,kaltic,berlogoes,,yes,,
,#66cccc,102,204,204,Tarawa Sea,,sea,coastal_ocean,,arctic,,,,,,tarawa_sea3,tarawa_sea_province,salazare_sea_zones_area,salazare_region,kaltic,berlogoes,,yes,,
,#64c9c9,100,201,201,Tarawa Sea,,sea,coastal_ocean,,arctic,,,,,,tarawa_sea4,tarawa_sea_province,salazare_sea_zones_area,salazare_region,kaltic,berlogoes,,yes,,
,#63c6c6,99,198,198,Tarawa Sea,,sea,coastal_ocean,,arctic,,,,,,tarawa_sea5,tarawa_sea_province,salazare_sea_zones_area,salazare_region,kaltic,berlogoes,,yes,,
,#62c4c4,98,196,196,Tarawa Sea,,sea,coastal_ocean,,continental,,,,,,tarawa_sea6,tarawa_sea_province,salazare_sea_zones_area,salazare_region,kaltic,berlogoes,,yes,,
,#60c1c1,96,193,193,Tarawa Bay,,sea,coastal_ocean,,continental,,,,,,tarawa_bay,tarawa_sea_province,salazare_sea_zones_area,salazare_region,kaltic,berlogoes,,yes,,
,#5dbaba,93,186,186,Guthrian Sea,,sea,coastal_ocean,,continental,,,,,,guthrian_sea,hytorian_sea_province,salazare_sea_zones_area,salazare_region,kaltic,berlogoes,,yes,,
,#5ebcbc,94,188,188,Hytorian Sea,,sea,coastal_ocean,,continental,,,,,,hytorian_sea,hytorian_sea_province,salazare_sea_zones_area,salazare_region,kaltic,berlogoes,,yes,,
,#7fffff,127,255,255,Madhalin Sea,,sea,coastal_ocean,,continental,,,,,,madhalin_sea,hytorian_sea_province,salazare_sea_zones_area,salazare_region,kaltic,berlogoes,,yes,,
,#b8f9d0,184,249,208,Grenidian Sea,,sea,inland_sea,,continental,,,,,,grenidian_sea1,grenidian_sea_province,nuvanviut_sea_zones,nuvanviut_region,kaltic,berlogoes,,yes,,
,#bafcd2,186,252,210,Grenidian Sea,,sea,inland_sea,,continental,,,,,,grenidian_sea2,grenidian_sea_province,nuvanviut_sea_zones,nuvanviut_region,kaltic,berlogoes,,yes,,
,#b7f7ce,183,247,206,Grenidian Sea,,sea,inland_sea,,continental,,,,,,grenidian_sea3,grenidian_sea_province,nuvanviut_sea_zones,nuvanviut_region,kaltic,berlogoes,,yes,,
,#b5f4cc,181,244,204,Grenidian Sea,,sea,inland_sea,,continental,,,,,,grenidian_sea4,grenidian_sea_province,nuvanviut_sea_zones,nuvanviut_region,kaltic,berlogoes,,yes,,
,#b1efc8,177,239,200,Grenidian Sea,,sea,inland_sea,,continental,,,,,,grenidian_sea5,grenidian_sea_province,nuvanviut_sea_zones,nuvanviut_region,kaltic,berlogoes,,yes,,
,#bbffd4,187,255,212,Tresian Sea,,sea,inland_sea,,continental,,,,,,tresian_sea1,tresian_sea_province,nuvanviut_sea_zones,nuvanviut_region,kaltic,berlogoes,,yes,,
,#b3f2ca,179,242,202,Grenidian Sea,,sea,inland_sea,,continental,,,,,,grenidian_sea6,grenidian_sea_province,nuvanviut_sea_zones,nuvanviut_region,kaltic,berlogoes,,yes,,
,#a8e0bc,168,224,188,Tresian Sea,,sea,inland_sea,,continental,,,,,,tresian_sea2,tresian_sea_province,nuvanviut_sea_zones,nuvanviut_region,kaltic,berlogoes,,yes,,
,#a6ddba,166,221,186,Tresian Sea,,sea,narrows,,continental,,,,,,tresian_sea3,tresian_sea_province,nuvanviut_sea_zones,nuvanviut_region,kaltic,berlogoes,,yes,,
,#aae2bf,170,226,191,Tresian Sea,,sea,narrows,,continental,,,,,,tresian_sea4,tresian_sea_province,nuvanviut_sea_zones,nuvanviut_region,kaltic,berlogoes,,yes,,
,#ace5c1,172,229,193,Tresian Sea,,sea,inland_sea,,continental,,,,,,tresian_sea5,tresian_sea_province,nuvanviut_sea_zones,nuvanviut_region,kaltic,berlogoes,,yes,,
,#aee8c3,174,232,195,Tresian Sea,,sea,narrows,,continental,,,,,,tresian_sea6,tresian_sea_province,nuvanviut_sea_zones,nuvanviut_region,kaltic,berlogoes,,yes,,
,#afeac5,175,234,197,Tresian Sea,,sea,inland_sea,,continental,,,,,,tresian_sea7,tresian_sea_province,nuvanviut_sea_zones,nuvanviut_region,kaltic,berlogoes,,yes,,
,#fcb0c3,252,176,195,Khalibar Sea,,sea,coastal_ocean,,continental,,,,,,khalibar_sea1,khalibar_sea_province,dominicus_sea_zones,dominicus_region,kaltic,berlogoes,,yes,,
,#f9aec1,249,174,193,Khalibar Bay,,sea,coastal_ocean,,continental,,,,,,khalibar_bay,khalibar_sea_province,dominicus_sea_zones,dominicus_region,kaltic,berlogoes,,yes,,
,#f7adbf,247,173,191,Khalibar Sea,,sea,coastal_ocean,,continental,,,,,,khalibar_sea2,khalibar_sea_province,dominicus_sea_zones,dominicus_region,kaltic,berlogoes,,yes,,
,#ffb2c4,255,178,196,Khalibar Sea,,sea,coastal_ocean,,continental,,,,,,khalibar_sea3,khalibar_sea_province,dominicus_sea_zones,dominicus_region,kaltic,berlogoes,,yes,,
,#ffb2c5,255,178,197,Pyrtonian Sea,,sea,coastal_ocean,,continental,,,,,,pyrtonian_sea1,pyrtonian_sea_province,dominicus_sea_zones,dominicus_region,kaltic,berlogoes,,yes,,
,#f2a9bb,242,169,187,Pyrtonian Sea,,sea,coastal_ocean,,continental,,,,,,pyrtonian_sea2,pyrtonian_sea_province,dominicus_sea_zones,dominicus_region,kaltic,berlogoes,,yes,,
,#efa7b9,239,167,185,Pyrtonian Sea,,sea,coastal_ocean,,continental,,,,,,pyrtonian_sea3,pyrtonian_sea_province,dominicus_sea_zones,dominicus_region,kaltic,berlogoes,,yes,,
,#f4abbd,244,171,189,Pyrtonian Sea,,sea,narrows,,continental,,,,,,pyrtonian_sea4,pyrtonian_sea_province,dominicus_sea_zones,dominicus_region,kaltic,berlogoes,,yes,,
,#76bbed,118,187,237,South Pyrtonian Sea,,sea,coastal_ocean,,continental,,,,,,south_pyrtonian_sea1,south_pyrtonian_sea_province,deliree_sea_zones,deliree_region,kaltic,berlogoes,,yes,,
,#75b9ea,117,185,234,South Pyrtonian Sea,,sea,coastal_ocean,,continental,,,,,,south_pyrtonian_sea2,south_pyrtonian_sea_province,deliree_sea_zones,deliree_region,kaltic,berlogoes,,yes,,
,#72b5e5,114,181,229,Gulf of Deliree,,sea,coastal_ocean,,continental,,,,,,gulf_of_deliree1,gulf_of_deliree_province,deliree_sea_zones,deliree_region,kaltic,berlogoes,,yes,,
,#70b1e0,112,177,224,Gulf of Deliree,,sea,coastal_ocean,,continental,,,,,,gulf_of_deliree2,gulf_of_deliree_province,deliree_sea_zones,deliree_region,kaltic,berlogoes,,yes,,
,#7fc9ff,127,201,255,Gulf of Deliree,,sea,coastal_ocean,,continental,,,,,,gulf_of_deliree3,gulf_of_deliree_province,deliree_sea_zones,deliree_region,kaltic,berlogoes,,yes,,
,#71b3e2,113,179,226,Gulf of Deliree,,sea,coastal_ocean,,continental,,,,,,gulf_of_deliree4,gulf_of_deliree_province,deliree_sea_zones,deliree_region,kaltic,berlogoes,,yes,,
,#7ec7fc,126,199,252,South Pyrtonian Sea,,sea,narrows,,continental,,,,,,south_pyrtonian_sea3,south_pyrtonian_sea_province,deliree_sea_zones,deliree_region,kaltic,berlogoes,,yes,,
,#7cc5f9,124,197,249,South Pyrtonian Sea,,sea,narrows,,continental,,,,,,south_pyrtonian_sea4,south_pyrtonian_sea_province,deliree_sea_zones,deliree_region,kaltic,berlogoes,,yes,,
,#7bc3f7,123,195,247,Strait of Deliree,,sea,narrows,,continental,,,,,,strait_of_deliree,strait_of_deliree_province,deliree_sea_zones,deliree_region,kaltic,berlogoes,,yes,,
,#7ac1f4,122,193,244,Eburian Sea,,sea,coastal_ocean,,continental,,,,,,eburian_sea1,strait_of_deliree_province,deliree_sea_zones,deliree_region,kaltic,berlogoes,,yes,,
,#79bff2,121,191,242,Eburian Sea,,sea,coastal_ocean,,continental,,,,,,eburian_sea2,strait_of_deliree_province,deliree_sea_zones,deliree_region,kaltic,berlogoes,,yes,,
,#fcae7e,252,174,126,Durninian Sea,,sea,narrows,,continental,,,,,,durninian_sea1,durninian_sea_province,durninia_sea_zones,durninia_region,tousourilea,berlogoes,,yes,,
,#f9ac7c,249,172,124,Durninian Sea,,sea,narrows,,continental,,,,,,durninian_sea2,durninian_sea_province,durninia_sea_zones,durninia_region,tousourilea,berlogoes,,yes,,
,#f7ab7b,247,171,123,Precara Sea,,sea,narrows,,continental,,,,,,precara_sea1,precara_sea_province,durninia_sea_zones,durninia_region,tousourilea,berlogoes,,yes,,
,#f4a97a,244,169,122,Precara Sea,,sea,coastal_ocean,,continental,,,,,,precara_sea2,precara_sea_province,durninia_sea_zones,durninia_region,tousourilea,berlogoes,,yes,,
,#f2a779,242,167,121,Precara Sea,,sea,coastal_ocean,,continental,,,,,,precara_sea3,precara_sea_province,durninia_sea_zones,durninia_region,tousourilea,berlogoes,,yes,,
,#efa577,239,165,119,Precara Sea,,sea,coastal_ocean,,continental,,,,,,precara_sea4,precara_sea_province,durninia_sea_zones,durninia_region,tousourilea,berlogoes,,yes,,
,#eda476,237,164,118,Precara Sea,,sea,coastal_ocean,,continental,,,,,,precara_sea5,precara_sea_province,durninia_sea_zones,durninia_region,tousourilea,berlogoes,,yes,,
,#e8a074,232,160,116,Durninian Sea,,sea,coastal_ocean,,arctic,,,,,,durninian_sea3,mahomier_sea_province,durninia_sea_zones,durninia_region,tousourilea,berlogoes,,yes,,
,#eaa275,234,162,117,Durninian Sea,,sea,coastal_ocean,,continental,,,,,,durninian_sea4,mahomier_sea_province,durninia_sea_zones,durninia_region,tousourilea,berlogoes,,yes,,
,#ffb27f,255,178,127,Durninian Sea,,sea,coastal_ocean,,arctic,,,,,,durninian_sea5,mahomier_sea_province,durninia_sea_zones,durninia_region,tousourilea,berlogoes,,yes,,
,#5e5ea0,94,94,160,Morian Sea,,sea,coastal_ocean,,arctic,,,,,,morian_sea1,sea_of_barilee_province,moria_sea_zone,moria_region,tousourilea,berlogoes,,yes,,
,#5d5d9e,93,93,158,Morian Sea,,sea,coastal_ocean,,arctic,,,,,,morian_sea2,sea_of_barilee_province,moria_sea_zone,moria_region,tousourilea,berlogoes,,yes,,
,#5b5b9b,91,91,155,Morian Sea,,sea,coastal_ocean,,continental,,,,,,morian_sea3,sea_of_barilee_province,moria_sea_zone,moria_region,tousourilea,berlogoes,,yes,,
,#5a5a99,90,90,153,Morian Sea,,sea,coastal_ocean,,continental,,,,,,morian_sea4,sea_of_barilee_province,moria_sea_zone,moria_region,tousourilea,berlogoes,,yes,,
,#585896,88,88,150,Morian Sea,,sea,coastal_ocean,,continental,,,,,,morian_sea5,morian_sea_province,moria_sea_zone,moria_region,tousourilea,berlogoes,,yes,,
,#6060a5,96,96,165,Morian Sea,,sea,coastal_ocean,,continental,,,,,,morian_sea6,morian_sea_province,moria_sea_zone,moria_region,tousourilea,berlogoes,,yes,,
,#555591,85,85,145,Morian Sea,,sea,coastal_ocean,,continental,,,,,,morian_sea7,morian_sea_province,moria_sea_zone,moria_region,tousourilea,berlogoes,,yes,,
,#575793,87,87,147,Morian Sea,,sea,coastal_ocean,,continental,,,,,,morian_sea8,morian_sea_province,moria_sea_zone,moria_region,tousourilea,berlogoes,,yes,,
,#918b88,145,139,136,Arivjan Sea,,sea,coastal_ocean,,continental,,,,,,arivjan_sea1,arivjan_sea_province,arivas_sea_zone,arivas_region,tousourilea,berlogoes,,yes,,
,#8e8986,142,137,134,Arivjan Sea,,sea,coastal_ocean,,continental,,,,,,arivjan_sea2,arivjan_sea_province,arivas_sea_zone,arivas_region,tousourilea,berlogoes,,yes,,
,#8c8783,140,135,131,Arivjan Sea,,sea,coastal_ocean,,continental,,,,,,arivjan_sea3,arivjan_sea_province,arivas_sea_zone,arivas_region,tousourilea,berlogoes,,yes,,
,#87827f,135,130,127,Arivjan Sea,,sea,coastal_ocean,,continental,,,,,,arivjan_sea4,strait_of_arfie_province,arivas_sea_zone,arivas_region,tousourilea,berlogoes,,yes,,
,#898481,137,132,129,Arivjan Sea,,sea,narrows,,continental,,,,,,arivjan_sea5,strait_of_arfie_province,arivas_sea_zone,arivas_region,tousourilea,berlogoes,,yes,,
,#96908c,150,144,140,Arivjan Sea,,sea,coastal_ocean,,continental,,,,,,arivjan_sea6,strait_of_arfie_province,arivas_sea_zone,arivas_region,tousourilea,berlogoes,,yes,,
,#847f7c,132,127,124,Arivjan Sea,,sea,coastal_ocean,,continental,,,,,,arivjan_sea7,strait_of_arfie_province,arivas_sea_zone,arivas_region,tousourilea,berlogoes,,yes,,
,#a17fff,161,127,255,Mozze Bay,,sea,coastal_ocean,,continental,,,,,,mozze_bay1,mozze_bay_province,mozze_sea_zone,mozze_region,tousourilea,berlogoes,,yes,,
,#9779f2,151,121,242,Mozze Bay,,sea,coastal_ocean,,continental,,,,,,mozze_bay2,mozze_bay_province,mozze_sea_zone,mozze_region,tousourilea,berlogoes,,yes,,
,#997af4,153,122,244,Mozze Bay,,sea,coastal_ocean,,continental,,,,,,mozze_bay3,mozze_bay_province,mozze_sea_zone,mozze_region,tousourilea,berlogoes,,yes,,
,#9a7bf7,154,123,247,Mozze Bay,,sea,coastal_ocean,,continental,,,,,,mozze_bay4,mozze_bay_province,mozze_sea_zone,mozze_region,tousourilea,berlogoes,,yes,,
,#9d7efc,157,126,252,Legion Delta,,sea,coastal_ocean,,continental,,,,,,legion_delta,mozze_river_province,mozze_sea_zone,mozze_region,tousourilea,berlogoes,,yes,,
,#9c7cf9,156,124,249,Maltakan Delta,,sea,coastal_ocean,,continental,,,,,,maltakan_delta,mozze_river_province,mozze_sea_zone,mozze_region,tousourilea,berlogoes,,yes,,
,#b2b2e8,178,178,232,Solutikan Sea,,sea,coastal_ocean,,continental,,,,,,solutikan_sea1,solutikan_sea_province,grayston_sea_zones,grayston_region,tousourilea,berlogoes,,yes,,
,#b0b0e5,176,176,229,Solutikan Sea,,sea,coastal_ocean,,continental,,,,,,solutikan_sea2,solutikan_sea_province,grayston_sea_zones,grayston_region,tousourilea,berlogoes,,yes,,
,#aeaee2,174,174,226,Solutikan Sea,,sea,coastal_ocean,,continental,,,,,,solutikan_sea3,solutikan_sea_province,grayston_sea_zones,grayston_region,tousourilea,berlogoes,,yes,,
,#acace0,172,172,224,Solutikan Sea,,sea,coastal_ocean,,continental,,,,,,solutikan_sea4,solutikan_sea_province,grayston_sea_zones,grayston_region,tousourilea,berlogoes,,yes,,
,#a8a8db,168,168,219,Solutikan Sea,,sea,coastal_ocean,,continental,,,,,,solutikan_sea5,solutikan_sea_province,grayston_sea_zones,grayston_region,tousourilea,berlogoes,,yes,,
,#a6a6d8,166,166,216,Graystonese Sea,,sea,coastal_ocean,,continental,,,,,,graystonese_sea1,graystonese_sea_province,grayston_sea_zones,grayston_region,tousourilea,berlogoes,,yes,,
,#a4a4d6,164,164,214,Graystonese Sea,,sea,coastal_ocean,,continental,,,,,,graystonese_sea2,graystonese_sea_province,grayston_sea_zones,grayston_region,tousourilea,berlogoes,,yes,,
,#a2a2d3,162,162,211,Graystonese Sea,,sea,coastal_ocean,,continental,,,,,,graystonese_sea3,graystonese_sea_province,grayston_sea_zones,grayston_region,tousourilea,berlogoes,,yes,,
,#c0c0ff,192,192,255,Graystonese Sea,,sea,coastal_ocean,,continental,,,,,,graystonese_sea4,graystonese_sea_province,grayston_sea_zones,grayston_region,tousourilea,berlogoes,,yes,,
,#a1a1d1,161,161,209,Graystonese Sea,,sea,narrows,,continental,,,,,,graystonese_sea5,graystonese_sea_province,grayston_sea_zones,grayston_region,tousourilea,berlogoes,,yes,,
,#bfbffc,191,191,252,Solutikan Sea,,sea,coastal_ocean,,continental,,,,,,solutikan_sea6,solutikan_sea_province,grayston_sea_zones,grayston_region,tousourilea,berlogoes,,yes,,
,#bdbdf9,189,189,249,Solutikan Sea,,sea,coastal_ocean,,continental,,,,,,solutikan_sea7,solutikan_sea_province,grayston_sea_zones,grayston_region,tousourilea,berlogoes,,yes,,
,#babaf4,186,186,244,Graystonese Sea,,sea,coastal_ocean,,continental,,,,,,graystonese_sea6,cadrokian_sea_province,grayston_sea_zones,grayston_region,tousourilea,berlogoes,,yes,,
,#b8b8f2,184,184,242,Graystonese Sea,,sea,narrows,,continental,,,,,,graystonese_sea7,cadrokian_sea_province,grayston_sea_zones,grayston_region,tousourilea,berlogoes,,yes,,
,#b4b4ea,180,180,234,Graystonese Sea,,sea,coastal_ocean,,continental,,,,,,graystonese_sea8,cadrokian_sea_province,grayston_sea_zones,grayston_region,tousourilea,berlogoes,,yes,,
,#b6b6ef,182,182,239,Graystonese Sea,,sea,coastal_ocean,,continental,,,,,,graystonese_sea9,cadrokian_sea_province,grayston_sea_zones,grayston_region,tousourilea,berlogoes,,yes,,
,#97b594,151,181,148,Oyonese Sea,,sea,coastal_ocean,,continental,,,,,,oyonese_sea1,gulf_of_valdez_province,oyon_sea_zones,oyon_region,tousourilea,berlogoes,,yes,,
,#95b292,149,178,146,Oyonese Sea,,sea,coastal_ocean,,continental,,,,,,oyonese_sea2,gulf_of_valdez_province,oyon_sea_zones,oyon_region,tousourilea,berlogoes,,yes,,
,#93af90,147,175,144,Oyonese Sea,,sea,narrows,,continental,,,,,,oyonese_sea3,gulf_of_valdez_province,oyon_sea_zones,oyon_region,tousourilea,berlogoes,,yes,,
,#91ad8e,145,173,142,Oyonese Sea,,sea,coastal_ocean,,continental,,,,,,oyonese_sea4,gulf_of_valdez_province,oyon_sea_zones,oyon_region,tousourilea,berlogoes,,yes,,
,#8faa8c,143,170,140,Oyonese Sea,,sea,coastal_ocean,,continental,,,,,,oyonese_sea5,gulf_of_valdez_province,oyon_sea_zones,oyon_region,tousourilea,berlogoes,,yes,,
,#8da88a,141,168,138,Oyonese Sea,,sea,coastal_ocean,,arctic,,,,,,oyonese_sea6,aragie_sea_province,oyon_sea_zones,oyon_region,tousourilea,berlogoes,,yes,,
,#8aa587,138,165,135,Oyonese Sea,,sea,coastal_ocean,,arctic,,,,,,oyonese_sea7,aragie_sea_province,oyon_sea_zones,oyon_region,tousourilea,berlogoes,,yes,,
,#88a385,136,163,133,Oyonese Sea,,sea,coastal_ocean,,arctic,,,,,,oyonese_sea8,aragie_sea_province,oyon_sea_zones,oyon_region,tousourilea,berlogoes,,yes,,
,#849e81,132,158,129,Oyonese Sea,,sea,coastal_ocean,,continental,,,,,,oyonese_sea9,aragie_sea_province,oyon_sea_zones,oyon_region,tousourilea,berlogoes,,yes,,
,#829b7f,130,155,127,Oyonese Sea,,sea,coastal_ocean,,continental,,,,,,oyonese_sea10,aragie_sea_province,oyon_sea_zones,oyon_region,tousourilea,berlogoes,,yes,,
,#86a083,134,160,131,Oyonese Sea,,sea,narrows,,continental,,,,,,oyonese_sea11,aragie_sea_province,oyon_sea_zones,oyon_region,tousourilea,berlogoes,,yes,,
,#99b896,153,184,150,Oyonese Sea,,sea,coastal_ocean,,continental,,,,,,oyonese_sea12,aragie_sea_province,oyon_sea_zones,oyon_region,tousourilea,berlogoes,,yes,,
,#a38780,163,135,128,Droyal Sea,,sea,coastal_ocean,,continental,,,,,,droyal_sea,soridenese_sea_province,soriden_sea_zones,soriden_region,tousourilea,berlogoes,,yes,,
,#9e837c,158,131,124,Soridenese Sea,,sea,coastal_ocean,,continental,,,,,,soridenese_sea1,soridenese_sea_province,soriden_sea_zones,soriden_region,tousourilea,berlogoes,,yes,,
,#a58982,165,137,130,Soridenese Sea,,sea,coastal_ocean,,continental,,,,,,soridenese_sea2,soridenese_sea_province,soriden_sea_zones,soriden_region,tousourilea,berlogoes,,yes,,
,#ad8f88,173,143,136,Elmaiac Sea,,sea,coastal_ocean,,continental,,,,,,elmaiac_sea,harmounial_sea_province,soriden_sea_zones,soriden_region,tousourilea,berlogoes,,yes,,
,#aa8d86,170,141,134,Harmounial Sea,,sea,coastal_ocean,,continental,,,,,,soridenese_sea3,harmounial_sea_province,soriden_sea_zones,soriden_region,tousourilea,berlogoes,,yes,,
,#a88b84,168,139,132,Pandatta Passage,,sea,coastal_ocean,,continental,,,,,,pandatta_passage,pandatta_sea_province,soriden_sea_zones,soriden_region,tousourilea,berlogoes,,yes,,
,#9b817a,155,129,122,Pandatta Sea,,sea,coastal_ocean,,continental,,,,,,pandatta_sea1,pandatta_sea_province,soriden_sea_zones,soriden_region,tousourilea,berlogoes,,yes,,
,#997f78,153,127,120,Pandatta Sea,,sea,coastal_ocean,,continental,,,,,,pandatta_sea2,pandatta_sea_province,soriden_sea_zones,soriden_region,tousourilea,berlogoes,,yes,,
,#967d76,150,125,118,Denisoara Sea,,sea,coastal_ocean,,continental,,,,,,denisoara_sea1,denisoara_sea_province,arkine_sea_zones,arkine_region,auteka,berlogoes,,yes,,
,#937b74,147,123,116,Pandatta Sea,,sea,coastal_ocean,,continental,,,,,,pandatta_sea3,pandatta_sea_province,soriden_sea_zones,soriden_region,tousourilea,berlogoes,,yes,,
,#917872,145,120,114,Denisoara Sea,,sea,coastal_ocean,,continental,,,,,,denisoara_sea2,denisoara_sea_province,arkine_sea_zones,arkine_region,auteka,berlogoes,,yes,,
,#8e7670,142,118,112,Denisoara Sea,,sea,coastal_ocean,,continental,,,,,,denisoara_sea3,denisoara_sea_province,arkine_sea_zones,arkine_region,auteka,berlogoes,,yes,,
,#89726c,137,114,108,Eshatir Sea,,sea,coastal_ocean,,continental,,,,,,eshatir_sea1,eshatir_sea_province,arkine_sea_zones,arkine_region,auteka,berlogoes,,yes,,
,#846e68,132,110,104,Eshatir Sea,,sea,coastal_ocean,,continental,,,,,,eshatir_sea2,eshatir_sea_province,arkine_sea_zones,arkine_region,auteka,berlogoes,,yes,,
,#826c66,130,108,102,Eshatir Sea,,sea,coastal_ocean,,continental,,,,,,eshatir_sea3,eshatir_sea_province,arkine_sea_zones,arkine_region,auteka,berlogoes,,yes,,
,#87706a,135,112,106,Eshatir Sea,,sea,coastal_ocean,,continental,,,,,,eshatir_sea4,eshatir_sea_province,arkine_sea_zones,arkine_region,auteka,berlogoes,,yes,,
,#7f6a64,127,106,100,Makira Sea,,sea,coastal_ocean,,continental,,,,,,makira_sea1,makira_sea_province,arkine_sea_zones,arkine_region,auteka,berlogoes,,yes,,
,#7a6560,122,101,96,Makira Sea,,sea,coastal_ocean,,continental,,,,,,makira_sea2,makira_sea_province,arkine_sea_zones,arkine_region,auteka,berlogoes,,yes,,
,#7c6762,124,103,98,Makira Sea,,sea,coastal_ocean,,continental,,,,,,makira_sea3,makira_sea_province,arkine_sea_zones,arkine_region,auteka,berlogoes,,yes,,
,#77635e,119,99,94,Makira Sea,,sea,coastal_ocean,,continental,,,,,,makira_sea4,makira_sea_province,arkine_sea_zones,arkine_region,auteka,berlogoes,,yes,,
,#75615c,117,97,92,Makira Sea,,sea,coastal_ocean,,continental,,,,,,makira_sea5,makira_sea_province,arkine_sea_zones,arkine_region,auteka,berlogoes,,yes,,
,#725f5a,114,95,90,Agraine Sea,,sea,coastal_ocean,,continental,,,,,,agraine_sea,arkine_sea_province,arkine_sea_zones,arkine_region,auteka,berlogoes,,yes,,
,#705d58,112,93,88,Capatcihu Sea,,sea,coastal_ocean,,continental,,,,,,capatcihu_sea,arkine_sea_province,arkine_sea_zones,arkine_region,auteka,berlogoes,,yes,,
,#6d5b56,109,91,86,Makiran Channel,,sea,coastal_ocean,,continental,,,,,,makiran_channel,arkine_sea_province,arkine_sea_zones,arkine_region,auteka,berlogoes,,yes,,
,#6b5954,107,89,84,Kiroshata Bay,,sea,coastal_ocean,,continental,,,,,,kiroshata_bay,arkine_sea_province,arkine_sea_zones,arkine_region,auteka,berlogoes,,yes,,
,#63524e,99,82,78,Canaka Bay,,sea,coastal_ocean,,continental,,,,,,canaka_bay,arkine_sea_province,arkine_sea_zones,arkine_region,auteka,berlogoes,,yes,,
,#685652,104,86,82,Kinoss Sea,,sea,coastal_ocean,,continental,,,,,,kinoss_sea,arkine_sea_province,arkine_sea_zones,arkine_region,auteka,berlogoes,,yes,,
,#8a86c9,138,134,201,Luvitan Sea,,sea,coastal_ocean,,continental,,,,,,luvitan_sea1,scadrania_sea_province,luvit_sea_zones,luvit_region,auteka,berlogoes,,yes,,
,#8885c6,136,133,198,Luvitan Sea,,sea,coastal_ocean,,continental,,,,,,luvitan_sea2,scadrania_sea_province,luvit_sea_zones,luvit_region,auteka,berlogoes,,yes,,
,#8683c4,134,131,196,Luvitan Sea,,sea,coastal_ocean,,continental,,,,,,luvitan_sea3,scadrania_sea_province,luvit_sea_zones,luvit_region,auteka,berlogoes,,yes,,
,#8581c1,133,129,193,Luvitan Sea,,sea,coastal_ocean,,continental,,,,,,luvitan_sea4,scadrania_sea_province,luvit_sea_zones,luvit_region,auteka,berlogoes,,yes,,
,#8380bf,131,128,191,Luvitan Sea,,sea,coastal_ocean,,continental,,,,,,luvitan_sea5,scadrania_sea_province,luvit_sea_zones,luvit_region,auteka,berlogoes,,yes,,
,#817ebc,129,126,188,Luvitan Sea,,sea,coastal_ocean,,continental,,,,,,luvitan_sea6,scadrania_sea_province,luvit_sea_zones,luvit_region,auteka,berlogoes,,yes,,
,#7f7cba,127,124,186,Luvitan Sea,,sea,coastal_ocean,,continental,,,,,,luvitan_sea7,sea_of_dennis_province,luvit_sea_zones,luvit_region,auteka,berlogoes,,yes,,
,#7e7bb7,126,123,183,Luvitan Sea,,sea,coastal_ocean,,continental,,,,,,luvitan_sea8,sea_of_dennis_province,luvit_sea_zones,luvit_region,auteka,berlogoes,,yes,,
,#7c79b5,124,121,181,Luvitan Sea,,sea,coastal_ocean,,continental,,,,,,luvitan_sea9,sea_of_dennis_province,luvit_sea_zones,luvit_region,auteka,berlogoes,,yes,,
,#7a77b2,122,119,178,Luvitan Sea,,sea,coastal_ocean,,continental,,,,,,luvitan_sea10,sea_of_dennis_province,luvit_sea_zones,luvit_region,auteka,berlogoes,,yes,,
,#7875af,120,117,175,Luvitan Sea,,sea,coastal_ocean,,continental,,,,,,luvitan_sea11,sea_of_dennis_province,luvit_sea_zones,luvit_region,auteka,berlogoes,,yes,,
,#9690da,150,144,218,Luvitan Sea,,sea,coastal_ocean,,continental,,,,,,luvitan_sea12,luvitan_sea_province,luvit_sea_zones,luvit_region,auteka,berlogoes,,yes,,
,#948fd6,148,143,214,Luvitan Sea,,sea,coastal_ocean,,continental,,,,,,luvitan_sea13,luvitan_sea_province,luvit_sea_zones,luvit_region,auteka,berlogoes,,yes,,
,#8c88cc,140,136,204,Luvitan Sea,,sea,coastal_ocean,,continental,,,,,,luvitan_sea14,luvitan_sea_province,luvit_sea_zones,luvit_region,auteka,berlogoes,,yes,,
,#928dd3,146,141,211,Luvitan Sea,,sea,narrows,,continental,,,,,,luvitan_sea15,luvitan_sea_province,luvit_sea_zones,luvit_region,auteka,berlogoes,,yes,,
,#908cd1,144,140,209,Luvitan Sea,,sea,narrows,,continental,,,,,,luvitan_sea16,luvitan_sea_province,luvit_sea_zones,luvit_region,auteka,berlogoes,,yes,,
,#f47a7a,244,122,122,Dervitan Sea,,sea,coastal_ocean,,continental,,,,,,dervitan_sea1,dervitan_sea_province,harving_sea_zones,harving_region,auteka,berlogoes,,yes,,
,#f77b7b,247,123,123,Dervitan Sea,,sea,coastal_ocean,,continental,,,,,,dervitan_sea2,dervitan_sea_province,harving_sea_zones,harving_region,auteka,berlogoes,,yes,,
,#f97c7c,249,124,124,Dervitan Sea,,sea,coastal_ocean,,continental,,,,,,dervitan_sea3,dervitan_sea_province,harving_sea_zones,harving_region,auteka,berlogoes,,yes,,
,#fc7e7e,252,126,126,Dervitan Sea,,sea,coastal_ocean,,continental,,,,,,dervitan_sea4,dervitan_sea_province,harving_sea_zones,harving_region,auteka,berlogoes,,yes,,
,#ef7777,239,119,119,Harvingan Sea,,sea,coastal_ocean,,continental,,,,,,harvingan_sea1,markantar_bay,harving_sea_zones,harving_region,auteka,berlogoes,,yes,,
,#ed7676,237,118,118,Harvingan Sea,,sea,coastal_ocean,,continental,,,,,,harvingan_sea2,markantar_bay,harving_sea_zones,harving_region,auteka,berlogoes,,yes,,
,#e57272,229,114,114,Harvingan Sea,,sea,coastal_ocean,,continental,,,,,,harvingan_sea3,markantar_bay,harving_sea_zones,harving_region,auteka,berlogoes,,yes,,
,#ea7575,234,117,117,Gulf of Loricoast,,sea,coastal_ocean,,continental,,,,,,harvingan_sea4,markantar_bay,harving_sea_zones,harving_region,auteka,berlogoes,,yes,,
,#5bc4ff,91,196,255,Crezion Sea,,sea,coastal_ocean,,continental,,,,,,crezion_sea1,kegurian_sea_province,crezion_sea_zones,crezion_region,auteka,berlogoes,,yes,,
,#4faedd,79,174,221,Crezion Sea,,sea,coastal_ocean,,continental,,,,,,crezion_sea2,kegurian_sea_province,crezion_sea_zones,crezion_region,auteka,berlogoes,,yes,,
,#50b0e0,80,176,224,Crezion Sea,,sea,narrows,,continental,,,,,,crezion_sea3,kegurian_sea_province,crezion_sea_zones,crezion_region,auteka,berlogoes,,yes,,
,#59c1f9,89,193,249,Crezion Bay,,sea,inland_sea,,continental,,,,,,crezion_sea4,crezion_bay_province,crezion_sea_zones,crezion_region,auteka,berlogoes,,yes,,
,#5ac3fc,90,195,252,Crezion Bay,,sea,inland_sea,,continental,,,,,,crezion_sea5,crezion_bay_province,crezion_sea_zones,crezion_region,auteka,berlogoes,,yes,,
,#59bff7,89,191,247,Crezion Bay,,sea,narrows,,continental,,,,,,crezion_sea6,crezion_bay_province,crezion_sea_zones,crezion_region,auteka,berlogoes,,yes,,
,#58bdf4,88,189,244,Crezion Bay,,sea,inland_sea,,continental,,,,,,crezion_sea7,crezion_bay_province,crezion_sea_zones,crezion_region,auteka,berlogoes,,yes,,
,#57bbf2,87,187,242,Crezion Sea,,sea,narrows,,continental,,,,,,crezion_sea8,calient_bay_province,crezion_sea_zones,crezion_region,auteka,berlogoes,,yes,,
,#51b2e2,81,178,226,Crezion Sea,,sea,coastal_ocean,,continental,,,,,,crezion_sea9,kegurian_sea_province,crezion_sea_zones,crezion_region,auteka,berlogoes,,yes,,
,#56baef,86,186,239,Crezion Sea,,sea,coastal_ocean,,continental,,,,,,crezion_sea10,calient_bay_province,crezion_sea_zones,crezion_region,auteka,berlogoes,,yes,,
,#52b4e5,82,180,229,Crezion Sea,,sea,coastal_ocean,,continental,,,,,,crezion_sea11,calient_bay_province,crezion_sea_zones,crezion_region,auteka,berlogoes,,yes,,
,#53b6e8,83,182,232,Crezion Sea,,sea,coastal_ocean,,continental,,,,,,crezion_sea12,calient_bay_province,crezion_sea_zones,crezion_region,auteka,berlogoes,,yes,,
,#4ba6d1,75,166,209,Hotspot Sea,,sea,coastal_ocean,,continental,,,,,,hotspot_sea1,hotspot_sea_province,crezion_sea_zones,crezion_region,auteka,berlogoes,,yes,,
,#4ca8d3,76,168,211,Hotspot Sea,,sea,coastal_ocean,,continental,,,,,,hotspot_sea2,hotspot_sea_province,crezion_sea_zones,crezion_region,auteka,berlogoes,,yes,,
,#4eacd8,78,172,216,Hotspot Sea,,sea,coastal_ocean,,continental,,,,,,hotspot_sea3,hotspot_sea_province,crezion_sea_zones,crezion_region,auteka,berlogoes,,yes,,
,#4daad6,77,170,214,Hotspot Sea,,sea,coastal_ocean,,continental,,,,,,hotspot_sea4,hotspot_sea_province,crezion_sea_zones,crezion_region,auteka,berlogoes,,yes,,
,#54b8ea,84,184,234,Crezion Sea,,sea,coastal_ocean,,continental,,,,,,crezion_sea13,calient_bay_province,crezion_sea_zones,crezion_region,auteka,berlogoes,,yes,,
,#ff7f7f,255,127,127,Harvingan Sea,,sea,coastal_ocean,,continental,,,,,,harvingan_sea5,seulcaynian_sea_province,harving_sea_zones,harving_region,auteka,berlogoes,,yes,,
,#d16868,209,104,104,Harvingan Sea,,sea,coastal_ocean,,continental,,,,,,harvingan_sea6,seulcaynian_sea_province,harving_sea_zones,harving_region,auteka,berlogoes,,yes,,
,#d36969,211,105,105,Harvingan Sea,,sea,coastal_ocean,,continental,,,,,,harvingan_sea7,seulcaynian_sea_province,harving_sea_zones,harving_region,auteka,berlogoes,,yes,,
,#d66b6b,214,107,107,Harvingan Sea,,sea,coastal_ocean,,continental,,,,,,harvingan_sea8,seulcaynian_sea_province,harving_sea_zones,harving_region,auteka,berlogoes,,yes,,
,#d86c6c,216,108,108,Harvingan Sea,,sea,coastal_ocean,,continental,,,,,,harvingan_sea9,seulcaynian_sea_province,harving_sea_zones,harving_region,auteka,berlogoes,,yes,,
,#db6d6d,219,109,109,Harvingan Sea,,sea,coastal_ocean,,continental,,,,,,harvingan_sea10,harvingan_sea_province,harving_sea_zones,harving_region,auteka,berlogoes,,yes,,
,#dd6e6e,221,110,110,Harvingan Sea,,sea,coastal_ocean,,continental,,,,,,harvingan_sea11,harvingan_sea_province,harving_sea_zones,harving_region,auteka,berlogoes,,yes,,
,#e07070,224,112,112,Harvingan Sea,,sea,coastal_ocean,,continental,,,,,,harvingan_sea12,harvingan_sea_province,harving_sea_zones,harving_region,auteka,berlogoes,,yes,,
,#e27171,226,113,113,Harvingan Sea,,sea,coastal_ocean,,continental,,,,,,harvingan_sea13,harvingan_sea_province,harving_sea_zones,harving_region,auteka,berlogoes,,yes,,
,#7cf9ce,124,249,206,Irvaltic Sea,,sea,coastal_ocean,,continental,,,,,,irvaltic_sea1,nortasian_sea_province,irvaltic_sea_zones,irvaltic_region,auteka,berlogoes,,yes,,
,#7efcd0,126,252,208,Irvaltic Sea,,sea,narrows,,continental,,,,,,irvaltic_sea2,nortasian_sea_province,irvaltic_sea_zones,irvaltic_region,auteka,berlogoes,,yes,,
,#7bf7cc,123,247,204,Irvaltic Sea,,sea,coastal_ocean,,continental,,,,,,irvaltic_sea3,nortasian_sea_province,irvaltic_sea_zones,irvaltic_region,auteka,berlogoes,,yes,,
,#7af4c9,122,244,201,Irvaltic Sea,,sea,coastal_ocean,,continental,,,,,,irvaltic_sea4,irvaltic_sea_province,irvaltic_sea_zones,irvaltic_region,auteka,berlogoes,,yes,,
,#79f2c7,121,242,199,Irvaltic Sea,,sea,coastal_ocean,,continental,,,,,,irvaltic_sea5,irvaltic_sea_province,irvaltic_sea_zones,irvaltic_region,auteka,berlogoes,,yes,,
,#7fffd4,127,255,212,Irvaltic Sea,,sea,coastal_ocean,,continental,,,,,,irvaltic_sea6,irvaltic_sea_province,irvaltic_sea_zones,irvaltic_region,auteka,berlogoes,,yes,,
,#a5ff7f,165,255,127,Oserwayner Sea,,sea,narrows,,continental,,,,,,oserwayner_sea2,devaltic_sea_province,oserway_sea_zones,oserway_region,auteka,berlogoes,,yes,,
,#98ea75,152,234,117,Oserwayner Sea,,sea,coastal_ocean,,continental,,,,,,oserwayner_sea3,devaltic_sea_province,oserway_sea_zones,oserway_region,auteka,berlogoes,,yes,,
,#a4fc7e,164,252,126,Oserwayner Sea,,sea,coastal_ocean,,arctic,,,,,,oserwayner_sea4,autekan_key_current_province,oserway_sea_zones,oserway_region,auteka,berlogoes,,yes,,
,#9aed76,154,237,118,Oserwayner Sea,,sea,coastal_ocean,,arctic,,,,,,oserwayner_sea5,devaltic_sea_province,oserway_sea_zones,oserway_region,auteka,berlogoes,,yes,,
,#9bef77,155,239,119,Oserwayner Sea,,sea,coastal_ocean,,arctic,,,,,,oserwayner_sea6,oserwayner_sea_province,oserway_sea_zones,oserway_region,auteka,berlogoes,,yes,,
,#a2f97c,162,249,124,Oserwayner Sea,,sea,coastal_ocean,,arctic,,,,,,oserwayner_sea7,autekan_key_current_province,oserway_sea_zones,oserway_region,auteka,berlogoes,,yes,,
,#a0f77b,160,247,123,Oserwayner Sea,,sea,coastal_ocean,,arctic,,,,,,oserwayner_sea8,autekan_key_current_province,oserway_sea_zones,oserway_region,auteka,berlogoes,,yes,,
,#9ff47a,159,244,122,Oserwayner Sea,,sea,coastal_ocean,,arctic,,,,,,oserwayner_sea9,autekan_key_current_province,oserway_sea_zones,oserway_region,auteka,berlogoes,,yes,,
,#9df279,157,242,121,Oserwayner Sea,,sea,coastal_ocean,,arctic,,,,,,oserwayner_sea10,autekan_key_current_province,oserway_sea_zones,oserway_region,auteka,berlogoes,,yes,,
,#96e874,150,232,116,Oserwayner Sea,,sea,coastal_ocean,,arctic,,,,,,oserwayner_sea11,oserwayner_sea_province,oserway_sea_zones,oserway_region,auteka,berlogoes,,yes,,
,#93e070,147,224,112,Oserwayner Sea,,sea,coastal_ocean,,arctic,,,,,,oserwayner_sea12,oserwayner_sea_province,oserway_sea_zones,oserway_region,auteka,berlogoes,,yes,,
,#a5ff82,165,255,130,Oserwayner Sea,,sea,coastal_ocean,,arctic,,,,,,oserwayner_sea13,oserwayner_sea_province,oserway_sea_zones,oserway_region,auteka,berlogoes,,yes,,
,#95e572,149,229,114,Oserwayner Sea,,sea,narrows,,continental,,,,,,oserwayner_sea14,oserwayner_sea_province,oserway_sea_zones,oserway_region,auteka,berlogoes,,yes,,
,#fce57e,252,229,126,Lorkian Sea,,sea,narrows,,continental,,,,,,lorkian_sea1,autekan_sea_province,lorkia_sea_zones,lorkia_region,auteka,berlogoes,,yes,,
,#f9e27c,249,226,124,Lorkian Sea,,sea,narrows,,continental,,,,,,lorkian_sea2,autekan_sea_province,lorkia_sea_zones,lorkia_region,auteka,berlogoes,,yes,,
,#f7e07b,247,224,123,Lorkian Sea,,sea,narrows,,continental,,,,,,lorkian_sea3,autekan_sea_province,lorkia_sea_zones,lorkia_region,auteka,berlogoes,,yes,,
,#f4de7a,244,222,122,Lorkian Sea,,sea,coastal_ocean,,arctic,,,,,,lorkian_sea4,haltem_sea_province,lorkia_sea_zones,lorkia_region,auteka,berlogoes,,yes,,
,#f2dc79,242,220,121,Lorkian Sea,,sea,coastal_ocean,,arctic,,,,,,lorkian_sea5,haltem_sea_province,lorkia_sea_zones,lorkia_region,auteka,berlogoes,,yes,,
,#efd977,239,217,119,Lorkian Sea,,sea,coastal_ocean,,arctic,,,,,,lorkian_sea6,haltem_sea_province,lorkia_sea_zones,lorkia_region,auteka,berlogoes,,yes,,
,#edd776,237,215,118,Lorkian Sea,,sea,coastal_ocean,,arctic,,,,,,lorkian_sea7,haltem_sea_province,lorkia_sea_zones,lorkia_region,auteka,berlogoes,,yes,,
,#ffe97f,255,233,127,Lorkian Sea,,sea,coastal_ocean,,arctic,,,,,,lorkian_sea8,haltem_sea_province,lorkia_sea_zones,lorkia_region,auteka,berlogoes,,yes,,
,#e8d274,232,210,116,Lorkian Sea,,sea,coastal_ocean,,continental,,,,,,lorkian_sea9,autekan_sea_province,lorkia_sea_zones,lorkia_region,auteka,berlogoes,,yes,,
,#ead575,234,213,117,Lorkian Sea,,sea,narrows,,continental,,,,,,lorkian_sea10,autekan_sea_province,lorkia_sea_zones,lorkia_region,auteka,berlogoes,,yes,,
,#358591,53,133,145,Dialceri Lagoon,,lake,lakes,,continental,,,,,,dialceri_lagoon,dialceri_province,irvusium_area,harving_region,auteka,berlogoes,,,,yes
,#b2938c,178,147,140,Arkino Archipelago,,sea,coastal_ocean,,continental,,,,,,arkino_archipelago,arkine_sea_province,arkine_sea_zones,arkine_region,auteka,berlogoes,,yes,,
,#20493e,32,73,62,Outer Autekan Sea,,sea,ocean,,arctic,,,,,,outer_autekan_sea1,outer_autekan_sea_province,outer_autekan_sea_area,north_berlogian_ocean_region,berlogoes_ocean_sub_continent,berlogoes,,yes,,
,#214c40,33,76,64,Outer Autekan Sea,,sea,ocean,,arctic,,,,,,outer_autekan_sea2,outer_autekan_sea_province,outer_autekan_sea_area,north_berlogian_ocean_region,berlogoes_ocean_sub_continent,berlogoes,,yes,,
,#224f42,34,79,66,Outer Autekan Sea,,sea,ocean,,arctic,,,,,,outer_autekan_sea3,outer_autekan_sea_province,outer_autekan_sea_area,north_berlogian_ocean_region,berlogoes_ocean_sub_continent,berlogoes,,yes,,
,#235144,35,81,68,Outer Autekan Sea,,sea,ocean,,arctic,,,,,,outer_autekan_sea4,outer_autekan_sea_province,outer_autekan_sea_area,north_berlogian_ocean_region,berlogoes_ocean_sub_continent,berlogoes,,yes,,
,#255446,37,84,70,Outer Autekan Sea,,sea,ocean,,arctic,,,,,,outer_autekan_sea5,outer_autekan_sea_province,outer_autekan_sea_area,north_berlogian_ocean_region,berlogoes_ocean_sub_continent,berlogoes,,yes,,
,#265648,38,86,72,Outer Autekan Sea,,sea,ocean,,arctic,,,,,,outer_autekan_sea6,outer_autekan_sea_province,outer_autekan_sea_area,north_berlogian_ocean_region,berlogoes_ocean_sub_continent,berlogoes,,yes,,
,#27594b,39,89,75,Outer Autekan Sea,,sea,ocean,,arctic,,,,,,outer_autekan_sea7,outer_autekan_sea_province,outer_autekan_sea_area,north_berlogian_ocean_region,berlogoes_ocean_sub_continent,berlogoes,,yes,,
,#285b4d,40,91,77,Outer Autekan Sea,,sea,ocean,,arctic,,,,,,outer_autekan_sea8,outer_harvingan_sea_province,outer_autekan_sea_area,north_berlogian_ocean_region,berlogoes_ocean_sub_continent,berlogoes,,yes,,
,#2a6051,42,96,81,Outer Autekan Sea,,sea,ocean,,arctic,,,,,,outer_autekan_sea9,outer_harvingan_sea_province,outer_autekan_sea_area,north_berlogian_ocean_region,berlogoes_ocean_sub_continent,berlogoes,,yes,,
,#2b6353,43,99,83,Outer Autekan Sea,,sea,ocean,,continental,,,,,,outer_autekan_sea10,outer_harvingan_sea_province,outer_autekan_sea_area,north_berlogian_ocean_region,berlogoes_ocean_sub_continent,berlogoes,,yes,,
,#2c6655,44,102,85,Outer Autekan Sea,,sea,ocean,,continental,,,,,,outer_autekan_sea11,outer_harvingan_sea_province,outer_autekan_sea_area,north_berlogian_ocean_region,berlogoes_ocean_sub_continent,berlogoes,,yes,,
,#2e6857,46,104,87,Outer Autekan Sea,,sea,ocean,,continental,,,,,,outer_autekan_sea12,outer_harvingan_sea_province,outer_autekan_sea_area,north_berlogian_ocean_region,berlogoes_ocean_sub_continent,berlogoes,,yes,,
,#2f6b5a,47,107,90,Outer Autekan Sea,,sea,ocean,,continental,,,,,,outer_autekan_sea13,arkinese_current_province,outer_autekan_sea_area,north_berlogian_ocean_region,berlogoes_ocean_sub_continent,berlogoes,,yes,,
,#306d5c,48,109,92,Outer Autekan Sea,,sea,ocean,,continental,,,,,,outer_autekan_sea14,arkinese_current_province,outer_autekan_sea_area,north_berlogian_ocean_region,berlogoes_ocean_sub_continent,berlogoes,,yes,,
,#31705e,49,112,94,Outer Autekan Sea,,sea,ocean,,continental,,,,,,outer_autekan_sea15,arkinese_current_province,outer_autekan_sea_area,north_berlogian_ocean_region,berlogoes_ocean_sub_continent,berlogoes,,yes,,
,#327260,50,114,96,Outer Autekan Sea,,sea,ocean,,continental,,,,,,outer_autekan_sea16,arkinese_current_province,outer_autekan_sea_area,north_berlogian_ocean_region,berlogoes_ocean_sub_continent,berlogoes,,yes,,
,#337562,51,117,98,Outer Autekan Sea,,sea,ocean,,continental,,,,,,outer_autekan_sea17,arkinese_current_province,outer_autekan_sea_area,north_berlogian_ocean_region,berlogoes_ocean_sub_continent,berlogoes,,yes,,
,#347764,52,119,100,Outer Autekan Sea,,sea,ocean,,continental,,,,,,outer_autekan_sea18,arkinese_current_province,outer_autekan_sea_area,north_berlogian_ocean_region,berlogoes_ocean_sub_continent,berlogoes,,yes,,
,#357a66,53,122,102,Outer Graystonese Sea,,sea,ocean,,continental,,,,,,outer_graystonese_sea1,outer_oyonese_sea_province,outer_graystonese_sea_area,south_berlogian_ocean_region,berlogoes_ocean_sub_continent,berlogoes,,yes,,
,#367c69,54,124,105,Outer Graystonese Sea,,sea,ocean,,continental,,,,,,outer_graystonese_sea2,outer_oyonese_sea_province,outer_graystonese_sea_area,south_berlogian_ocean_region,berlogoes_ocean_sub_continent,berlogoes,,yes,,
,#387f6b,56,127,107,Outer Graystonese Sea,,sea,ocean,,continental,,,,,,outer_graystonese_sea3,outer_oyonese_sea_province,outer_graystonese_sea_area,south_berlogian_ocean_region,berlogoes_ocean_sub_continent,berlogoes,,yes,,
,#39826d,57,130,109,Outer Graystonese Sea,,sea,ocean,,continental,,,,,,outer_graystonese_sea4,outer_oyonese_sea_province,outer_graystonese_sea_area,south_berlogian_ocean_region,berlogoes_ocean_sub_continent,berlogoes,,yes,,
,#3a846f,58,132,111,Outer Graystonese Sea,,sea,ocean,,arctic,,,,,,outer_graystonese_sea5,outer_oyonese_sea_province,outer_graystonese_sea_area,south_berlogian_ocean_region,berlogoes_ocean_sub_continent,berlogoes,,yes,,
,#3b8771,59,135,113,Outer Graystonese Sea,,sea,ocean,,arctic,,,,,,outer_graystonese_sea6,outer_oyonese_sea_province,outer_graystonese_sea_area,south_berlogian_ocean_region,berlogoes_ocean_sub_continent,berlogoes,,yes,,
,#3c8973,60,137,115,Outer Graystonese Sea,,sea,ocean,,arctic,,,,,,outer_graystonese_sea7,outer_oyonese_sea_province,outer_graystonese_sea_area,south_berlogian_ocean_region,berlogoes_ocean_sub_continent,berlogoes,,yes,,
,#3f917a,63,145,122,Outer Graystonese Sea,,sea,ocean,,arctic,,,,,,outer_graystonese_sea8,cadrokian_current_province,outer_graystonese_sea_area,south_berlogian_ocean_region,berlogoes_ocean_sub_continent,berlogoes,,yes,,
,#3d8c75,61,140,117,Outer Graystonese Sea,,sea,deep_ocean,,arctic,,,,,,outer_graystonese_sea9,outer_morian_sea_province,outer_graystonese_sea_area,south_berlogian_ocean_region,berlogoes_ocean_sub_continent,berlogoes,,yes,,
,#3e8e78,62,142,120,Outer Graystonese Sea,,sea,ocean,,arctic,,,,,,outer_graystonese_sea10,cadrokian_current_province,outer_graystonese_sea_area,south_berlogian_ocean_region,berlogoes_ocean_sub_continent,berlogoes,,yes,,
,#449b82,68,155,130,Outer Graystonese Sea,,sea,ocean,,continental,,,,,,outer_graystonese_sea11,cadrokian_current_province,outer_graystonese_sea_area,south_berlogian_ocean_region,berlogoes_ocean_sub_continent,berlogoes,,yes,,
,#439980,67,153,128,Outer Graystonese Sea,,sea,ocean,,continental,,,,,,outer_graystonese_sea12,cadrokian_current_province,outer_graystonese_sea_area,south_berlogian_ocean_region,berlogoes_ocean_sub_continent,berlogoes,,yes,,
,#42967e,66,150,126,Outer Graystonese Sea,,sea,deep_ocean,,arctic,,,,,,outer_graystonese_sea13,outer_morian_sea_province,outer_graystonese_sea_area,south_berlogian_ocean_region,berlogoes_ocean_sub_continent,berlogoes,,yes,,
,#41937c,65,147,124,Outer Graystonese Sea,,sea,ocean,,arctic,,,,,,outer_graystonese_sea14,cadrokian_current_province,outer_graystonese_sea_area,south_berlogian_ocean_region,berlogoes_ocean_sub_continent,berlogoes,,yes,,
,#47a389,71,163,137,Outer Graystonese Sea,,sea,deep_ocean,,arctic,,,,,,outer_graystonese_sea15,outer_morian_sea_province,outer_graystonese_sea_area,south_berlogian_ocean_region,berlogoes_ocean_sub_continent,berlogoes,,yes,,
,#46a087,70,160,135,Outer Graystonese Sea,,sea,ocean,,arctic,,,,,,outer_graystonese_sea16,outer_morian_sea_province,outer_graystonese_sea_area,south_berlogian_ocean_region,berlogoes_ocean_sub_continent,berlogoes,,yes,,
,#48a58b,72,165,139,Kaltic Sea,,sea,ocean,,arctic,,,,,,kaltic_sea1,southern_berlogian_current_province,kaltic_sea_area,south_berlogian_ocean_region,berlogoes_ocean_sub_continent,berlogoes,,yes,,
,#4aa88d,74,168,141,Kaltic Sea,,sea,ocean,,arctic,,,,,,kaltic_sea2,southern_berlogian_current_province,kaltic_sea_area,south_berlogian_ocean_region,berlogoes_ocean_sub_continent,berlogoes,,yes,,
,#4baa8f,75,170,143,Kaltic Sea,,sea,ocean,,arctic,,,,,,kaltic_sea3,southern_berlogian_current_province,kaltic_sea_area,south_berlogian_ocean_region,berlogoes_ocean_sub_continent,berlogoes,,yes,,
,#4daf94,77,175,148,Kaltic Sea,,sea,ocean,,arctic,,,,,,kaltic_sea4,southern_berlogian_current_province,kaltic_sea_area,south_berlogian_ocean_region,berlogoes_ocean_sub_continent,berlogoes,,yes,,
,#50ba9c,80,186,156,Kaltic Sea,,sea,ocean,,arctic,,,,,,kaltic_sea5,kaltic_sea_province,kaltic_sea_area,south_berlogian_ocean_region,berlogoes_ocean_sub_continent,berlogoes,,yes,,
,#4eb296,78,178,150,Kaltic Sea,,sea,ocean,,continental,,,,,,kaltic_sea6,kaltic_sea_province,kaltic_sea_area,south_berlogian_ocean_region,berlogoes_ocean_sub_continent,berlogoes,,yes,,
,#4fb598,79,181,152,Kaltic Sea,,sea,ocean,,continental,,,,,,kaltic_sea7,kaltic_sea_province,kaltic_sea_area,south_berlogian_ocean_region,berlogoes_ocean_sub_continent,berlogoes,,yes,,
,#51bc9e,81,188,158,Kaltic Sea,,sea,ocean,,arctic,,,,,,kaltic_sea8,southern_berlogian_current_province,kaltic_sea_area,south_berlogian_ocean_region,berlogoes_ocean_sub_continent,berlogoes,,yes,,
,#52bfa0,82,191,160,Kaltic Sea,,sea,ocean,,arctic,,,,,,kaltic_sea9,southern_berlogian_current_province,kaltic_sea_area,south_berlogian_ocean_region,berlogoes_ocean_sub_continent,berlogoes,,yes,,
,#55c6a6,85,198,166,Salazar Sea,,sea,ocean,,arctic,,,,,,salazar_sea1,salazar_sea_province,kaltic_sea_area,south_berlogian_ocean_region,berlogoes_ocean_sub_continent,berlogoes,,yes,,
,#54c4a4,84,196,164,Salazar Sea,,sea,ocean,,arctic,,,,,,salazar_sea2,salazar_sea_province,kaltic_sea_area,south_berlogian_ocean_region,berlogoes_ocean_sub_continent,berlogoes,,yes,,
,#59d1af,89,209,175,Salazar Sea,,sea,ocean,,continental,,,,,,salazar_sea3,salazar_sea_province,kaltic_sea_area,south_berlogian_ocean_region,berlogoes_ocean_sub_continent,berlogoes,,yes,,
,#58cead,88,206,173,Salazar Sea,,sea,ocean,,arctic,,,,,,salazar_sea4,salazar_sea_province,kaltic_sea_area,south_berlogian_ocean_region,berlogoes_ocean_sub_continent,berlogoes,,yes,,
,#53c1a2,83,193,162,Salazar Sea,,sea,ocean,,arctic,,,,,,salazar_sea5,salazar_sea_province,kaltic_sea_area,south_berlogian_ocean_region,berlogoes_ocean_sub_continent,berlogoes,,yes,,
,#57ccab,87,204,171,Salazar Sea,,sea,ocean,,arctic,,,,,,salazar_sea6,salazar_sea_province,kaltic_sea_area,south_berlogian_ocean_region,berlogoes_ocean_sub_continent,berlogoes,,yes,,
,#56c9a8,86,201,168,Outer Kaltic Sea,,sea,deep_ocean,,arctic,,,,,,outer_kaltic_sea1,outer_tikolan_sea_province,outer_kaltic_sea_area,south_berlogian_ocean_region,berlogoes_ocean_sub_continent,berlogoes,,yes,,
,#5bd3b1,91,211,177,Outer Kaltic Sea,,sea,ocean,,arctic,,,,,,outer_kaltic_sea2,outer_tikolan_sea_province,outer_kaltic_sea_area,south_berlogian_ocean_region,berlogoes_ocean_sub_continent,berlogoes,,yes,,
,#5cd6b3,92,214,179,Outer Kaltic Sea,,sea,ocean,,arctic,,,,,,outer_kaltic_sea3,outer_tikolan_sea_province,outer_kaltic_sea_area,south_berlogian_ocean_region,berlogoes_ocean_sub_continent,berlogoes,,yes,,
,#5edbb9,94,219,185,Outer Kaltic Sea,,sea,ocean,,arctic,,,,,,outer_kaltic_sea4,outer_tikolan_sea_province,outer_kaltic_sea_area,south_berlogian_ocean_region,berlogoes_ocean_sub_continent,berlogoes,,yes,,
,#5fddbc,95,221,188,Outer Kaltic Sea,,sea,ocean,,arctic,,,,,,outer_kaltic_sea5,outer_tikolan_sea_province,outer_kaltic_sea_area,south_berlogian_ocean_region,berlogoes_ocean_sub_continent,berlogoes,,yes,,
,#61e2c0,97,226,192,Outer Kaltic Sea,,sea,ocean,,continental,,,,,,outer_kaltic_sea6,outer_tikolan_sea_province,outer_kaltic_sea_area,south_berlogian_ocean_region,berlogoes_ocean_sub_continent,berlogoes,,yes,,
,#60e0be,96,224,190,Outer Kaltic Sea,,sea,ocean,,continental,,,,,,outer_kaltic_sea7,outer_tikolan_sea_province,outer_kaltic_sea_area,south_berlogian_ocean_region,berlogoes_ocean_sub_continent,berlogoes,,yes,,
,#62e5c2,98,229,194,Outer Kaltic Sea,,sea,ocean,,continental,,,,,,outer_kaltic_sea8,outer_costian_sea_province,outer_kaltic_sea_area,south_berlogian_ocean_region,berlogoes_ocean_sub_continent,berlogoes,,yes,,
,#63e8c4,99,232,196,Outer Kaltic Sea,,sea,ocean,,continental,,,,,,outer_kaltic_sea9,outer_costian_sea_province,outer_kaltic_sea_area,south_berlogian_ocean_region,berlogoes_ocean_sub_continent,berlogoes,,yes,,
,#64eac6,100,234,198,Outer Kaltic Sea,,sea,ocean,,continental,,,,,,outer_kaltic_sea10,outer_costian_sea_province,outer_kaltic_sea_area,south_berlogian_ocean_region,berlogoes_ocean_sub_continent,berlogoes,,yes,,
,#67efcb,103,239,203,Outer Kaltic Sea,,sea,ocean,,continental,,,,,,outer_kaltic_sea11,outer_costian_sea_province,outer_kaltic_sea_area,south_berlogian_ocean_region,berlogoes_ocean_sub_continent,berlogoes,,yes,,
,#65edc9,101,237,201,Outer Kaltic Sea,,sea,ocean,,continental,,,,,,outer_kaltic_sea12,outer_costian_sea_province,outer_kaltic_sea_area,south_berlogian_ocean_region,berlogoes_ocean_sub_continent,berlogoes,,yes,,
,#6cfcd6,108,252,214,Outer Kaltic Sea,,sea,ocean,,continental,,,,,,outer_kaltic_sea13,outer_costian_sea_province,outer_kaltic_sea_area,south_berlogian_ocean_region,berlogoes_ocean_sub_continent,berlogoes,,yes,,
,#68f2cd,104,242,205,Outer Lugeanian Sea,,sea,ocean,,continental,,,,,,outer_lugeanian_sea1,outer_carsonan_sea_province,outer_lugeanian_sea_area,north_berlogian_ocean_region,berlogoes_ocean_sub_continent,berlogoes,,yes,,
,#69f4cf,105,244,207,Outer Lugeanian Sea,,sea,ocean,,continental,,,,,,outer_lugeanian_sea2,outer_carsonan_sea_province,outer_lugeanian_sea_area,north_berlogian_ocean_region,berlogoes_ocean_sub_continent,berlogoes,,yes,,
,#6dffd8,109,255,216,Outer Lugeanian Sea,,sea,ocean,,continental,,,,,,outer_lugeanian_sea3,outer_carsonan_sea_province,outer_lugeanian_sea_area,north_berlogian_ocean_region,berlogoes_ocean_sub_continent,berlogoes,,yes,,
,#6af7d1,106,247,209,Outer Lugeanian Sea,,sea,ocean,,continental,,,,,,outer_lugeanian_sea4,outer_carsonan_sea_province,outer_lugeanian_sea_area,north_berlogian_ocean_region,berlogoes_ocean_sub_continent,berlogoes,,yes,,
,#132b24,19,43,36,Outer Lugeanian Sea,,sea,ocean,,continental,,,,,,outer_lugeanian_sea5,skersjak_sea_province,outer_lugeanian_sea_area,north_berlogian_ocean_region,berlogoes_ocean_sub_continent,berlogoes,,yes,,
,#142d26,20,45,38,Outer Lugeanian Sea,,sea,ocean,,continental,,,,,,outer_lugeanian_sea6,skersjak_sea_province,outer_lugeanian_sea_area,north_berlogian_ocean_region,berlogoes_ocean_sub_continent,berlogoes,,yes,,
,#112822,17,40,34,Outer Lugeanian Sea,,sea,ocean,,continental,,,,,,outer_lugeanian_sea7,skersjak_sea_province,outer_lugeanian_sea_area,north_berlogian_ocean_region,berlogoes_ocean_sub_continent,berlogoes,,yes,,
,#153028,21,48,40,Outer Lugeanian Sea,,sea,ocean,,continental,,,,,,outer_lugeanian_sea8,skersjak_sea_province,outer_lugeanian_sea_area,north_berlogian_ocean_region,berlogoes_ocean_sub_continent,berlogoes,,yes,,
,#16332a,22,51,42,Outer Lugeanian Sea,,sea,ocean,,arctic,,,,,,outer_lugeanian_sea9,skersjak_sea_province,outer_lugeanian_sea_area,north_berlogian_ocean_region,berlogoes_ocean_sub_continent,berlogoes,,yes,,
,#17352d,23,53,45,Outer Lugeanian Sea,,sea,ocean,,arctic,,,,,,outer_lugeanian_sea10,outer_saqunjaki_sea_province,outer_lugeanian_sea_area,north_berlogian_ocean_region,berlogoes_ocean_sub_continent,berlogoes,,yes,,
,#18382f,24,56,47,Outer Lugeanian Sea,,sea,ocean,,arctic,,,,,,outer_lugeanian_sea11,outer_saqunjaki_sea_province,outer_lugeanian_sea_area,north_berlogian_ocean_region,berlogoes_ocean_sub_continent,berlogoes,,yes,,
,#193a31,25,58,49,Outer Lugeanian Sea,,sea,ocean,,arctic,,,,,,outer_lugeanian_sea12,outer_saqunjaki_sea_province,outer_lugeanian_sea_area,north_berlogian_ocean_region,berlogoes_ocean_sub_continent,berlogoes,,yes,,
,#1a3d33,26,61,51,Outer Lugeanian Sea,,sea,ocean,,arctic,,,,,,outer_lugeanian_sea13,outer_saqunjaki_sea_province,outer_lugeanian_sea_area,north_berlogian_ocean_region,berlogoes_ocean_sub_continent,berlogoes,,yes,,
,#1d4237,29,66,55,Outer Lugeanian Sea,,sea,ocean,,arctic,,,,,,outer_lugeanian_sea14,outer_cretukan_sea_province,outer_lugeanian_sea_area,north_berlogian_ocean_region,berlogoes_ocean_sub_continent,berlogoes,,yes,,
,#1c3f35,28,63,53,Outer Lugeanian Sea,,sea,ocean,,arctic,,,,,,outer_lugeanian_sea15,outer_cretukan_sea_province,outer_lugeanian_sea_area,north_berlogian_ocean_region,berlogoes_ocean_sub_continent,berlogoes,,yes,,
,#1e4439,30,68,57,Outer Lugeanian Sea,,sea,ocean,,arctic,,,,,,outer_lugeanian_sea16,outer_cretukan_sea_province,outer_lugeanian_sea_area,north_berlogian_ocean_region,berlogoes_ocean_sub_continent,berlogoes,,yes,,
,#1f473c,31,71,60,Outer Lugeanian Sea,,sea,ocean,,arctic,,,,,,outer_lugeanian_sea17,outer_cretukan_sea_province,outer_lugeanian_sea_area,north_berlogian_ocean_region,berlogoes_ocean_sub_continent,berlogoes,,yes,,
,#9ffcf6,159,252,246,Berlogian Sea,,sea,ocean,,arctic,,,,,,berlogian_sea1,journeyors_sea_province,berlogian_sea_area,north_berlogian_ocean_region,berlogoes_ocean_sub_continent,berlogoes,,yes,,
,#9bf7f1,155,247,241,Berlogian Sea,,sea,ocean,,continental,,,,,,berlogian_sea2,journeyors_sea_province,berlogian_sea_area,north_berlogian_ocean_region,berlogoes_ocean_sub_continent,berlogoes,,yes,,
,#8de0da,141,224,218,Berlogian Sea,,sea,ocean,,continental,,,,,,berlogian_sea3,journeyors_sea_province,berlogian_sea_area,north_berlogian_ocean_region,berlogoes_ocean_sub_continent,berlogoes,,yes,,
,#88d8d3,136,216,211,Berlogian Sea,,sea,ocean,,continental,,,,,,berlogian_sea4,storien_sea_province,berlogian_sea_area,north_berlogian_ocean_region,berlogoes_ocean_sub_continent,berlogoes,,yes,,
,#9df9f3,157,249,243,Berlogian Sea,,sea,ocean,,continental,,,,,,berlogian_sea5,journeyors_sea_province,berlogian_sea_area,north_berlogian_ocean_region,berlogoes_ocean_sub_continent,berlogoes,,yes,,
,#a0fff8,160,255,248,Berlogian Sea,,sea,ocean,,arctic,,,,,,berlogian_sea6,journeyors_sea_province,berlogian_sea_area,north_berlogian_ocean_region,berlogoes_ocean_sub_continent,berlogoes,,yes,,
,#8ee2dd,142,226,221,Berlogian Sea,,sea,ocean,,continental,,,,,,berlogian_sea7,journeyors_sea_province,berlogian_sea_area,north_berlogian_ocean_region,berlogoes_ocean_sub_continent,berlogoes,,yes,,
,#8adbd5,138,219,213,Berlogian Sea,,sea,ocean,,continental,,,,,,berlogian_sea8,storien_sea_province,berlogian_sea_area,north_berlogian_ocean_region,berlogoes_ocean_sub_continent,berlogoes,,yes,,
,#8bddd8,139,221,216,Berlogian Sea,,sea,ocean,,continental,,,,,,berlogian_sea9,storien_sea_province,berlogian_sea_area,north_berlogian_ocean_region,berlogoes_ocean_sub_continent,berlogoes,,yes,,
,#90e5df,144,229,223,Berlogian Sea,,sea,ocean,,continental,,,,,,berlogian_sea10,storien_sea_province,berlogian_sea_area,north_berlogian_ocean_region,berlogoes_ocean_sub_continent,berlogoes,,yes,,
,#93eae4,147,234,228,Berlogian Sea,,sea,ocean,,continental,,,,,,berlogian_sea11,storien_sea_province,berlogian_sea_area,north_berlogian_ocean_region,berlogoes_ocean_sub_continent,berlogoes,,yes,,
,#7bc4be,123,196,190,Fasaasian Sea,,sea,ocean,,continental,,,,,,fasaasian_sea1,fasassian_sea_province,fasassan_ocean_area,inner_berlogian_ocean_region,berlogoes_ocean_sub_continent,berlogoes,,yes,,
,#7dc6c0,125,198,192,Fasaasian Sea,,sea,ocean,,continental,,,,,,fasaasian_sea2,fasassian_sea_province,fasassan_ocean_area,inner_berlogian_ocean_region,berlogoes_ocean_sub_continent,berlogoes,,yes,,
,#80ccc5,128,204,197,Fasaasian Sea,,sea,ocean,,continental,,,,,,fasaasian_sea3,fasassian_sea_province,fasassan_ocean_area,inner_berlogian_ocean_region,berlogoes_ocean_sub_continent,berlogoes,,yes,,
,#7ec9c3,126,201,195,Fasaasian Sea,,sea,ocean,,continental,,,,,,fasaasian_sea4,fasassian_sea_province,fasassan_ocean_area,inner_berlogian_ocean_region,berlogoes_ocean_sub_continent,berlogoes,,yes,,
,#83d1cb,131,209,203,Fasaasian Sea,,sea,ocean,,continental,,,,,,fasaasian_sea5,fasassian_sea_province,fasassan_ocean_area,inner_berlogian_ocean_region,berlogoes_ocean_sub_continent,berlogoes,,yes,,
,#92e8e2,146,232,226,Fasaasian Sea,,sea,ocean,,continental,,,,,,fasaasian_sea6,fasassian_sea_province,fasassan_ocean_area,inner_berlogian_ocean_region,berlogoes_ocean_sub_continent,berlogoes,,yes,,
,#85d3ce,133,211,206,Fasaasian Sea,,sea,ocean,,continental,,,,,,fasaasian_sea7,fasassian_sea_province,fasassan_ocean_area,inner_berlogian_ocean_region,berlogoes_ocean_sub_continent,berlogoes,,yes,,
,#6baaa5,107,170,165,Fasaasan Ocean,,sea,ocean,,continental,,,,,,fasaasan_ocean1,north_fasassan_ocean_province,fasassan_ocean_area,inner_berlogian_ocean_region,berlogoes_ocean_sub_continent,berlogoes,,yes,,
,#6aa8a3,106,168,163,Fasaasan Ocean,,sea,ocean,,continental,,,,,,fasaasan_ocean2,north_fasassan_ocean_province,fasassan_ocean_area,inner_berlogian_ocean_region,berlogoes_ocean_sub_continent,berlogoes,,yes,,
,#68a5a0,104,165,160,Fasaasan Ocean,,sea,ocean,,continental,,,,,,fasaasan_ocean3,north_fasassan_ocean_province,fasassan_ocean_area,inner_berlogian_ocean_region,berlogoes_ocean_sub_continent,berlogoes,,yes,,
,#6aa8a4,106,168,164,Fasaasan Ocean,,sea,ocean,,continental,,,,,,fasaasan_ocean4,north_fasassan_ocean_province,fasassan_ocean_area,inner_berlogian_ocean_region,berlogoes_ocean_sub_continent,berlogoes,,yes,,
,#66a39e,102,163,158,Fasaasan Ocean,,sea,ocean,,continental,,,,,,fasaasan_ocean5,north_fasassan_ocean_province,fasassan_ocean_area,inner_berlogian_ocean_region,berlogoes_ocean_sub_continent,berlogoes,,yes,,
,#65a09b,101,160,155,Fasaasan Ocean,,sea,ocean,,continental,,,,,,fasaasan_ocean6,north_fasassan_ocean_province,fasassan_ocean_area,inner_berlogian_ocean_region,berlogoes_ocean_sub_continent,berlogoes,,yes,,
,#5e9691,94,150,145,Fasaasan Ocean,,sea,ocean,,continental,,,,,,fasaasan_ocean7,south_fasassan_ocean_province,fasassan_ocean_area,inner_berlogian_ocean_region,berlogoes_ocean_sub_continent,berlogoes,,yes,,
,#5d938f,93,147,143,Fasaasan Ocean,,sea,ocean,,continental,,,,,,fasaasan_ocean8,south_fasassan_ocean_province,fasassan_ocean_area,inner_berlogian_ocean_region,berlogoes_ocean_sub_continent,berlogoes,,yes,,
,#609994,96,153,148,Fasaasan Ocean,,sea,ocean,,continental,,,,,,fasaasan_ocean9,south_fasassan_ocean_province,fasassan_ocean_area,inner_berlogian_ocean_region,berlogoes_ocean_sub_continent,berlogoes,,yes,,
,#619b96,97,155,150,Fasaasan Ocean,,sea,ocean,,continental,,,,,,fasaasan_ocean10,south_fasassan_ocean_province,fasassan_ocean_area,inner_berlogian_ocean_region,berlogoes_ocean_sub_continent,berlogoes,,yes,,
,#639e99,99,158,153,Fasaasan Ocean,,sea,ocean,,continental,,,,,,fasaasan_ocean11,south_fasassan_ocean_province,fasassan_ocean_area,inner_berlogian_ocean_region,berlogoes_ocean_sub_continent,berlogoes,,yes,,
,#6dada8,109,173,168,Fasaasan Ocean,,sea,ocean,,continental,,,,,,fasaasan_ocean12,south_fasassan_ocean_province,fasassan_ocean_area,inner_berlogian_ocean_region,berlogoes_ocean_sub_continent,berlogoes,,yes,,
,#5b918c,91,145,140,Khalibar Ocean,,sea,ocean,,continental,,,,,,khalibar_ocean1,sutten_sea_province,khalibar_ocean_area,inner_berlogian_ocean_region,berlogoes_ocean_sub_continent,berlogoes,,yes,,
,#98f2ec,152,242,236,Khalibar Ocean,,sea,ocean,,continental,,,,,,khalibar_ocean2,sutten_sea_province,khalibar_ocean_area,inner_berlogian_ocean_region,berlogoes_ocean_sub_continent,berlogoes,,yes,,
,#598e8a,89,142,138,Khalibar Ocean,,sea,ocean,,continental,,,,,,khalibar_ocean3,sutten_sea_province,khalibar_ocean_area,inner_berlogian_ocean_region,berlogoes_ocean_sub_continent,berlogoes,,yes,,
,#588c87,88,140,135,Khalibar Ocean,,sea,ocean,,continental,,,,,,khalibar_ocean4,sutten_sea_province,khalibar_ocean_area,inner_berlogian_ocean_region,berlogoes_ocean_sub_continent,berlogoes,,yes,,
,#538480,83,132,128,Khalibar Ocean,,sea,deep_ocean,,continental,,,,,,khalibar_ocean5,east_khalibar_ocean_province,khalibar_ocean_area,inner_berlogian_ocean_region,berlogoes_ocean_sub_continent,berlogoes,,yes,,
,#568985,86,137,133,Khalibar Ocean,,sea,ocean,,continental,,,,,,khalibar_ocean6,sutten_sea_province,khalibar_ocean_area,inner_berlogian_ocean_region,berlogoes_ocean_sub_continent,berlogoes,,yes,,
,#558782,85,135,130,Khalibar Ocean,,sea,ocean,,continental,,,,,,khalibar_ocean7,east_khalibar_ocean_province,khalibar_ocean_area,inner_berlogian_ocean_region,berlogoes_ocean_sub_continent,berlogoes,,yes,,
,#51827e,81,130,126,Khalibar Ocean,,sea,ocean,,continental,,,,,,khalibar_ocean8,west_khalibar_ocean_province,khalibar_ocean_area,inner_berlogian_ocean_region,berlogoes_ocean_sub_continent,berlogoes,,yes,,
,#46706c,70,112,108,Khalibar Ocean,,sea,deep_ocean,,continental,,,,,,khalibar_ocean9,west_khalibar_ocean_province,khalibar_ocean_area,inner_berlogian_ocean_region,berlogoes_ocean_sub_continent,berlogoes,,yes,,
,#507f7b,80,127,123,Khalibar Ocean,,sea,deep_ocean,,continental,,,,,,khalibar_ocean10,east_khalibar_ocean_province,khalibar_ocean_area,inner_berlogian_ocean_region,berlogoes_ocean_sub_continent,berlogoes,,yes,,
,#4e7c79,78,124,121,Khalibar Ocean,,sea,ocean,,continental,,,,,,khalibar_ocean11,east_khalibar_ocean_province,khalibar_ocean_area,inner_berlogian_ocean_region,berlogoes_ocean_sub_continent,berlogoes,,yes,,
,#95ede7,149,237,231,Khalibar Ocean,,sea,ocean,,continental,,,,,,khalibar_ocean12,east_khalibar_ocean_province,khalibar_ocean_area,inner_berlogian_ocean_region,berlogoes_ocean_sub_continent,berlogoes,,yes,,
,#48726f,72,114,111,Khalibar Ocean,,sea,ocean,,continental,,,,,,khalibar_ocean13,east_khalibar_ocean_province,khalibar_ocean_area,inner_berlogian_ocean_region,berlogoes_ocean_sub_continent,berlogoes,,yes,,
,#497571,73,117,113,Khalibar Ocean,,sea,ocean,,continental,,,,,,khalibar_ocean14,west_khalibar_ocean_province,khalibar_ocean_area,inner_berlogian_ocean_region,berlogoes_ocean_sub_continent,berlogoes,,yes,,
,#4b7774,75,119,116,Khalibar Ocean,,sea,ocean,,continental,,,,,,khalibar_ocean15,west_khalibar_ocean_province,khalibar_ocean_area,inner_berlogian_ocean_region,berlogoes_ocean_sub_continent,berlogoes,,yes,,
,#4d7a76,77,122,118,Khalibar Ocean,,sea,ocean,,continental,,,,,,khalibar_ocean16,west_khalibar_ocean_province,khalibar_ocean_area,inner_berlogian_ocean_region,berlogoes_ocean_sub_continent,berlogoes,,yes,,
,#456d6a,69,109,106,Triplate Ocean,,sea,ocean,,continental,,,,,,triplate_ocean1,outer_arkine_sea_province,triplate_ocean_area,inner_berlogian_ocean_region,berlogoes_ocean_sub_continent,berlogoes,,yes,,
,#385956,56,89,86,Triplate Ocean,,sea,ocean,,continental,,,,,,triplate_ocean2,outer_arkine_sea_province,triplate_ocean_area,inner_berlogian_ocean_region,berlogoes_ocean_sub_continent,berlogoes,,yes,,
,#436b67,67,107,103,Triplate Ocean,,sea,ocean,,continental,,,,,,triplate_ocean3,outer_arkine_sea_province,triplate_ocean_area,inner_berlogian_ocean_region,berlogoes_ocean_sub_continent,berlogoes,,yes,,
,#416865,65,104,101,Triplate Ocean,,sea,ocean,,continental,,,,,,triplate_ocean4,outer_arkine_sea_province,triplate_ocean_area,inner_berlogian_ocean_region,berlogoes_ocean_sub_continent,berlogoes,,yes,,
,#406662,64,102,98,Triplate Ocean,,sea,ocean,,continental,,,,,,triplate_ocean5,outer_graystonese_sea_province,triplate_ocean_area,inner_berlogian_ocean_region,berlogoes_ocean_sub_continent,berlogoes,,yes,,
,#355451,53,84,81,Triplate Ocean,,sea,deep_ocean,,continental,,,,,,triplate_ocean6,outer_arkine_sea_province,triplate_ocean_area,inner_berlogian_ocean_region,berlogoes_ocean_sub_continent,berlogoes,,yes,,
,#314f4c,49,79,76,Triplate Ocean,,sea,ocean,,continental,,,,,,triplate_ocean7,outer_arkine_sea_province,triplate_ocean_area,inner_berlogian_ocean_region,berlogoes_ocean_sub_continent,berlogoes,,yes,,
,#304c49,48,76,73,Triplate Ocean,,sea,ocean,,continental,,,,,,triplate_ocean8,outer_solutikan_sea_province,triplate_ocean_area,inner_berlogian_ocean_region,berlogoes_ocean_sub_continent,berlogoes,,yes,,
,#2e4947,46,73,71,Triplate Ocean,,sea,ocean,,continental,,,,,,triplate_ocean9,outer_solutikan_sea_province,triplate_ocean_area,inner_berlogian_ocean_region,berlogoes_ocean_sub_continent,berlogoes,,yes,,
,#2b4442,43,68,66,Triplate Ocean,,sea,deep_ocean,,continental,,,,,,triplate_ocean10,outer_solutikan_sea_province,triplate_ocean_area,inner_berlogian_ocean_region,berlogoes_ocean_sub_continent,berlogoes,,yes,,
,#33514e,51,81,78,Triplate Ocean,,sea,deep_ocean,,continental,,,,,,triplate_ocean11,outer_graystonese_sea_province,triplate_ocean_area,inner_berlogian_ocean_region,berlogoes_ocean_sub_continent,berlogoes,,yes,,
,#2c4744,44,71,68,Triplate Ocean,,sea,ocean,,continental,,,,,,triplate_ocean12,outer_solutikan_sea_province,triplate_ocean_area,inner_berlogian_ocean_region,berlogoes_ocean_sub_continent,berlogoes,,yes,,
,#395b58,57,91,88,Triplate Ocean,,sea,deep_ocean,,continental,,,,,,triplate_ocean13,outer_graystonese_sea_province,triplate_ocean_area,inner_berlogian_ocean_region,berlogoes_ocean_sub_continent,berlogoes,,yes,,
,#3d605d,61,96,93,Triplate Ocean,,sea,ocean,,continental,,,,,,triplate_ocean14,outer_graystonese_sea_province,triplate_ocean_area,inner_berlogian_ocean_region,berlogoes_ocean_sub_continent,berlogoes,,yes,,
,#3b5e5b,59,94,91,Triplate Ocean,,sea,ocean,,continental,,,,,,triplate_ocean15,outer_graystonese_sea_province,triplate_ocean_area,inner_berlogian_ocean_region,berlogoes_ocean_sub_continent,berlogoes,,yes,,
,#3e6360,62,99,96,Triplate Ocean,,sea,ocean,,continental,,,,,,triplate_ocean16,outer_graystonese_sea_province,triplate_ocean_area,inner_berlogian_ocean_region,berlogoes_ocean_sub_continent,berlogoes,,yes,,
,#72b5af,114,181,175,Sudvitan Sea,,sea,ocean,,continental,,,,,,sudvitan_sea1,sudvitan_sea_province,berlogian_sea_area,north_berlogian_ocean_region,berlogoes_ocean_sub_continent,berlogoes,,yes,,
,#75bab4,117,186,180,Sudvitan Sea,,sea,ocean,,continental,,,,,,sudvitan_sea2,sudvitan_sea_province,berlogian_sea_area,north_berlogian_ocean_region,berlogoes_ocean_sub_continent,berlogoes,,yes,,
,#9af4ee,154,244,238,Sudvitan Sea,,sea,ocean,,continental,,,,,,sudvitan_sea3,sudvitan_sea_province,berlogian_sea_area,north_berlogian_ocean_region,berlogoes_ocean_sub_continent,berlogoes,,yes,,
,#73b7b1,115,183,177,Sudvitan Sea,,sea,ocean,,continental,,,,,,sudvitan_sea4,sudvitan_sea_province,berlogian_sea_area,north_berlogian_ocean_region,berlogoes_ocean_sub_continent,berlogoes,,yes,,
,#70b2ac,112,178,172,Sudvitan Sea,,sea,ocean,,continental,,,,,,sudvitan_sea5,sudvitan_sea_province,berlogian_sea_area,north_berlogian_ocean_region,berlogoes_ocean_sub_continent,berlogoes,,yes,,
,#6eafaa,110,175,170,Sudvitan Sea,,sea,ocean,,continental,,,,,,sudvitan_sea6,sudvitan_sea_province,berlogian_sea_area,north_berlogian_ocean_region,berlogoes_ocean_sub_continent,berlogoes,,yes,,
,#97efe9,151,239,233,Dennis Triangle,,sea,ocean,,continental,,,,,,dennis_triangle1,dennis_triangle_province,triplate_ocean_area,inner_berlogian_ocean_region,berlogoes_ocean_sub_continent,berlogoes,,yes,,
,#78bfb9,120,191,185,Dennis Triangle,,sea,ocean,,continental,,,,,,dennis_triangle2,dennis_triangle_province,triplate_ocean_area,inner_berlogian_ocean_region,berlogoes_ocean_sub_continent,berlogoes,,yes,,
,#76bcb6,118,188,182,Dennis Triangle,,sea,ocean,,continental,,,,,,dennis_triangle3,dennis_triangle_province,triplate_ocean_area,inner_berlogian_ocean_region,berlogoes_ocean_sub_continent,berlogoes,,yes,,
74,#099E38,9,158,56,Qyuderim,Irvaltic,land,mountains_wasteland,woods,continental,,,,,,qyuderim,ripteresa_province,irvaltia_area,irvaltic_region,auteka,berlogoes,yes,,,
118,#C91821,201,24,33,Wiltilen,Kodilen,land,plateau,desert,continental,,catholic,kodan,3000,wheat,wiltilen,wiltilen_province,kodilen_area,harving_region,auteka,berlogoes,yes,,,
178,#ED1C24,237,28,36,Hitius,,land,hills_wasteland,forest,continental,,,,,,hitius,arginitonia_province,arginitonia_area,harving_region,auteka,berlogoes,yes,,,
264,#C3C3BE,195,195,190,Dekiston Ridge,,land,hills_wasteland,forest,continental,,,,,,dekiston_ridge,eltsackcul_province,rojerrion_area,grayston_region,tousourilea,berlogoes,yes,,,
265,#C3C3C3,195,195,195,Graystonese Mountains,,land,plateau_wasteland,forest,continental,,,,,,graystonese_mountains,eltsackcul_province,rojerrion_area,grayston_region,tousourilea,berlogoes,yes,,,
266,#C3BEC3,195,190,195,Zapacadonian Range,,land,hills_wasteland,forest,continental,,,,,,zapacadonian_range,eltsackcul_province,rojerrion_area,grayston_region,tousourilea,berlogoes,yes,,,
292,#0C3A1A,12,58,26,Egurston Ridge,,land,hills_wasteland,forest,continental,,,,,,egurston_ridge,oyon_province,aragie_area,oyon_region,tousourilea,berlogoes,yes,,,
336,#7F757F,127,117,127,North Morian Ridge,,land,mountains_wasteland,forest,continental,,,,,,north_morian_ridge,sundarin_province,relliaj_area,moria_region,tousourilea,berlogoes,yes,,,
337,#7F7F7F,127,127,127,South Morian Ridge,,land,mountains_wasteland,forest,continental,,,,,,south_morian_ridge,sjhupenet_province,channellands_area,moria_region,tousourilea,berlogoes,yes,,,
374,#0062B2,0,98,178,Crezionan Mountains,,land,mountains_wasteland,forest,continental,,,,,,crezionan_mountains,rezicoa_province,crezion_area,crezion_region,auteka,berlogoes,yes,,,
427,#b0a9cc,176,169,204,Acjialbe,,land,hills_wasteland,desert,continental,,,,,,acjialbe,litijan_province,mozze_area,mozze_region,tousourilea,berlogoes,yes,,,
428,#c2bae0,194,186,224,North Mozze,,land,flatland_wasteland,desert,continental,,,,,,north_mozze,ochlini_province,mozze_area,mozze_region,tousourilea,berlogoes,yes,,,
429,#b9b1d6,185,177,214,South Mozze,,land,hills_wasteland,woods,continental,,,,,,south_mozze,ochlini_province,mozze_area,mozze_region,tousourilea,berlogoes,yes,,,
685,#54140e,84,20,14,Archavian Ridge,Archavia,land,hills_wasteland,sparse,continental,,,,,,archavian_ridge,archavia_province,archavia_area,pukaland_region,kaltic,berlogoes,yes,,,
686,#541f0e,84,31,14,Dajon Hills,Archavia,land,hills_wasteland,sparse,continental,,,,,,dajon_hills,archavia_province,archavia_area,pukaland_region,kaltic,berlogoes,yes,,,
713,#960019,150,0,25,North Sarcian Mountains,Skirpeggikia,land,mountains_wasteland,forest,continental,,,,,,north_sarcian_mountains,tustenial_province,skirpeggikia_area,pukaland_region,kaltic,berlogoes,yes,,,
725,#bf001f,191,0,31,South Sarcian Mountains,Skirpeggikia,land,mountains_wasteland,forest,continental,,,,,,south_sarcian_mountains,duehar_province,skirpeggikia_area,pukaland_region,kaltic,berlogoes,yes,,,
746,#e50026,229,0,38,Costian Ridge,Badreshads,land,mountains_wasteland,forest,continental,,,,,,costian_ridge,ridgelands_province,woestlands_area,pukaland_region,kaltic,berlogoes,yes,,,
872,#b2a984,178,169,132,Parsiian Ridge,Eriellston,land,mountains_wasteland,woods,continental,,,,,,parsiian_ridge,astravalghia_province,eriellston_area,parsii_region,lugeania,berlogoes,yes,,,
,#a349a4,163,73,164,Cancasian Mountains,,land,mountains_wasteland,grasslands,arctic,,,,,,cancasian_mountains,sorcancasia_province,trache_area,saqunjak_region,lugeania,berlogoes,yes,,,
,#a348a4,163,72,164,West Cancasian Ridge,,land,mountains_wasteland,grasslands,arctic,,,,,,cancasian_mountains,sorcancasia_province,trache_area,saqunjak_region,lugeania,berlogoes,yes,,,
1,#C1B400,193,180,0,Igleostlia,,land,hills,forest,arctic,0,norse,lorkian,150,wild_game,igleostlia,igleostlia_province,igland_area,lorkia_region,auteka,berlogoes,,,yes,
2,#C6B900,198,185,0,Haltem,,land,wetlands,forest,arctic,0,norse,lorkian,200,lumber,haltem,haltem_province,igland_area,lorkia_region,auteka,berlogoes,,,yes,
3,#C6AF00,198,175,0,Abaliz,,land,wetlands,forest,arctic,0,norse,lorkian,150,fur,abaliz,haltem_province,igland_area,lorkia_region,auteka,berlogoes,,,yes,
4,#CCBE00,204,190,0,Fejiz,,land,flatland,sparse,continental,0.1,norse,oserwayner,21000,fish,fejiz,fejiz_province,igland_area,lorkia_region,auteka,berlogoes,,,yes,
5,#D1C300,209,195,0,Gritraria,,land,flatland,woods,continental,0,norse,lorkian,10500,fish,gritraria,gritraria_province,igland_area,lorkia_region,auteka,berlogoes,,,yes,
6,#D1B900,209,185,0,Uxantan,,land,wetlands,forest,continental,0,norse,lorkian,8500,salt,uxantan,gritraria_province,igland_area,lorkia_region,auteka,berlogoes,,,yes,
7,#DDCB00,221,203,0,Sularakle,Lorkia,land,flatland,grasslands,continental,0,catholic,lorkian,12500,stone,sularakle,sularakle_province,artimedderis_area,lorkia_region,auteka,berlogoes,,,yes,
8,#D3CB00,211,203,0,Urilaseha,Lorkia,land,flatland,grasslands,continental,0,catholic,lorkian,10000,pepper,urilaseha,sularakle_province,artimedderis_area,lorkia_region,auteka,berlogoes,,,yes,
9,#E8D400,232,212,0,Artimedderis,Durinaka,land,flatland,farmlands,continental,0.25,catholic,durninian,15000,medicaments,artimedderis,artimedderis_province,artimedderis_area,lorkia_region,auteka,berlogoes,,,yes,
10,#DED400,222,212,0,Artesha,Durinaka,land,flatland,sparse,continental,,catholic,durninian,12500,clay,artesha,artimedderis_province,artimedderis_area,lorkia_region,auteka,berlogoes,,,,
11,#E8C800,232,200,0,Gurijen,Durinaka,land,flatland,sparse,continental,,catholic,kodan,7500,sand,gurijen,artimedderis_province,artimedderis_area,lorkia_region,auteka,berlogoes,,,,
12,#FFE700,255,231,0,Sesulyis,Lorkia,land,flatland,grasslands,continental,,catholic,lorkian,9000,lumber,sesulyis,kyaueis_province,artimedderis_area,lorkia_region,auteka,berlogoes,,,,
13,#FFF200,255,242,0,Kyaueis,Lorkia,land,flatland,woods,continental,,catholic,lorkian,10000,wool,kyaueis,kyaueis_province,artimedderis_area,lorkia_region,auteka,berlogoes,,,,
14,#F4F200,244,242,0,Sulfanis,Lorkia,land,plateau,sparse,continental,,catholic,lorkian,7500,saltpeter,sulfanis,kyaueis_province,artimedderis_area,lorkia_region,auteka,berlogoes,,,,
15,#E5D600,229,214,0,Omnesion,Lorkia,land,flatland,farmlands,continental,0.2,catholic,lorkian,25000,horses,omnesion,omnesion_province,coddenakle_area,lorkia_region,auteka,berlogoes,,,yes,
16,#DBD600,219,214,0,Teugohe,Lorkia,land,wetlands,grasslands,continental,0,catholic,lorkian,10500,fish,teugohe,omnesion_province,coddenakle_area,lorkia_region,auteka,berlogoes,,,yes,
17,#E5CC00,229,204,0,Aojois,Lorkia,land,flatland,grasslands,continental,,catholic,lorkian,11500,millet,aojois,omnesion_province,coddenakle_area,lorkia_region,auteka,berlogoes,,,,
18,#E6E200,230,226,0,Jaihakle,Lorkia,land,flatland,grasslands,continental,,catholic,lorkian,11000,livestock,jaihakle,coddenakle_province,coddenakle_area,lorkia_region,auteka,berlogoes,,,,
19,#F2E200,242,226,0,Coddenakle,Lorkia,land,flatland,farmlands,continental,0.4,catholic,lorkian,50000,wool,coddenakle,coddenakle_province,coddenakle_area,lorkia_region,auteka,berlogoes,,,yes,
20,#F2D700,242,215,0,Nisivul,Lorkia,land,wetlands,grasslands,continental,0,catholic,lorkian,10000,fish,nisivul,coddenakle_province,coddenakle_area,lorkia_region,auteka,berlogoes,,,yes,
21,#CECA00,206,202,0,Kiarlos,Lorkia,land,flatland,woods,continental,,catholic,lorkian,8000,fruit,kiarlos,lorkia_province,coddenakle_area,lorkia_region,auteka,berlogoes,,,,
22,#D8CA00,216,202,0,Lorvalt,Lorkia,land,flatland,woods,continental,,catholic,lorkian,12500,legumes,lorvalt,lorkia_province,coddenakle_area,lorkia_region,auteka,berlogoes,,,,
23,#D8C000,216,192,0,Valatkis,Lorkia,land,flatland,farmlands,continental,,catholic,lorkian,7500,potato,valatkis,lorkia_province,coddenakle_area,lorkia_region,auteka,berlogoes,,,,
24,#E9E400,233,228,0,Xospares,Irvusium,land,plateau,desert,continental,,catholic,lorkian,2000,sand,xospares,grimeha_province,krenar_area,lorkia_region,auteka,berlogoes,,,,
25,#F4E400,244,228,0,Grimeha,Irvusium,land,plateau,sparse,continental,,catholic,lorkian,9500,salt,grimeha,grimeha_province,krenar_area,lorkia_region,auteka,berlogoes,,,,
26,#F9DE00,249,222,0,Atleis,Akkadium,land,plateau,desert,continental,,catholic,lorkian,3500,stone,atleis,krenar_province,krenar_area,lorkia_region,auteka,berlogoes,,,,
27,#F9E900,249,233,0,Krenar,Akkadium,land,hills,sparse,continental,,catholic,lorkian,12500,goods_gold,krenar,krenar_province,krenar_area,lorkia_region,auteka,berlogoes,,,,
28,#EDD200,237,210,0,Aairos,Lorkia,land,flatland,sparse,continental,,catholic,lorkian,7500,wheat,aairos,sudvalia_province,krenar_area,lorkia_region,auteka,berlogoes,,,,
29,#EDDD00,237,221,0,Sudvalia,Lorkia,land,hills,woods,continental,,catholic,lorkian,10000,wheat,sudvalia,sudvalia_province,krenar_area,lorkia_region,auteka,berlogoes,,,,
30,#177731,23,119,49,Transosarian Islands,Oserway,land,wetlands,woods,arctic,0,catholic,oserwayner,5000,fish,transosarian_islands,transosarian_islands_province,stubelia_area,oserway_region,auteka,berlogoes,,,yes,
31,#22B14C,34,177,76,Stubelia,Oserway,land,wetlands,forest,continental,0.1,catholic,oserwayner,7500,livestock,stubelia,stubelia_province,stubelia_area,oserway_region,auteka,berlogoes,,,yes,
32,#1A8235,26,130,53,Moranaria,Oserway,land,flatland,woods,continental,0.2,catholic,oserwayner,10000,fish,moranaria,moranaria_province,stubelia_area,oserway_region,auteka,berlogoes,,,yes,
33,#1A7835,26,120,53,Osaria,Oserway,land,hills,sparse,continental,,catholic,oserwayner,6000,lumber,osaria,moranaria_province,stubelia_area,oserway_region,auteka,berlogoes,,,,
34,#187C33,24,124,51,Porvenial,Oserway,land,wetlands,woods,continental,,catholic,oserwayner,7500,wool,porvenial,porvenial_province,stubelia_area,oserway_region,auteka,berlogoes,,,,
35,#187233,24,114,51,Veridakle,Oserway,land,wetlands,woods,continental,0,catholic,oserwayner,8000,fish,veridakle,porvenial_province,stubelia_area,oserway_region,auteka,berlogoes,,,yes,
36,#1C8C39,28,140,57,Omirton,Oserway,land,hills,forest,continental,0,catholic,oserwayner,6500,lumber,omirton,osaria_province,erekton_area,oserway_region,auteka,berlogoes,,,yes,
37,#1C8239,28,130,57,Tirdandia,Oserway,land,hills,woods,continental,0,catholic,oserwayner,7500,fish,tirdandia,osaria_province,erekton_area,oserway_region,auteka,berlogoes,,,yes,
38,#22AA48,34,170,72,Erekton,Oserway,land,flatland,grasslands,continental,0.4,catholic,oserwayner,40000,iron,erekton,erekton_province,erekton_area,oserway_region,auteka,berlogoes,,,yes,
39,#22A048,34,160,72,Veliadia,Oserway,land,hills,forest,arctic,0,catholic,oserwayner,8550,stone,veliadia,erekton_province,erekton_area,oserway_region,auteka,berlogoes,,,yes,
40,#20A343,32,163,67,Peklania,Oserway,land,wetlands,woods,continental,0.2,catholic,oserwayner,21050,lumber,peklania,peklania_province,erekton_area,oserway_region,auteka,berlogoes,,,yes,
41,#209943,32,153,67,Hersaria,Oserway,land,hills,woods,continental,0,catholic,oserwayner,10000,saltpeter,hersaria,peklania_province,erekton_area,oserway_region,auteka,berlogoes,,,yes,
42,#16702E,22,112,46,Udiglan,,land,wetlands,woods,arctic,0,norse,oserwayner,2500,fish,udiglan,udiglan_province,erekton_area,oserway_region,auteka,berlogoes,,,yes,
43,#156B2C,21,107,44,Transudiglan,,land,flatland,sparse,arctic,0,norse,oserwayner,500,fish,transudiglan,transudiglan_province,erekton_area,oserway_region,auteka,berlogoes,,,yes,
44,#1D933D,29,147,61,Arusaria,Irvaltic,land,wetlands,farmlands,continental,,catholic,irvaltan,10000,copper,arusaria,arusaria_province,sedhernia_area,oserway_region,auteka,berlogoes,,,,
45,#1D893D,29,137,61,Bidesus,Irvaltic,land,flatland,farmlands,continental,,catholic,irvaltan,10000,fish,bidesus,arusaria_province,sedhernia_area,oserway_region,auteka,berlogoes,,,,
46,#1E993F,30,153,63,Wantigoia,Oserway,land,flatland,farmlands,continental,,catholic,oserwayner,11000,fruit,wantigoia,wantigoia_province,sedhernia_area,oserway_region,auteka,berlogoes,,,,
47,#1E8F3F,30,143,63,Jydeser,Oserway,land,plateau,grasslands,continental,,catholic,oserwayner,11000,beeswax,jydeser,wantigoia_province,sedhernia_area,oserway_region,auteka,berlogoes,,,,
48,#1B8737,27,135,55,Wayir,Oserway,land,hills,woods,continental,,catholic,oserwayner,4500,wild_game,wayir,wayir_province,sedhernia_area,oserway_region,auteka,berlogoes,,,,
49,#1B7D37,27,125,55,Aliterna,Oserway,land,hills,sparse,continental,,catholic,oserwayner,10000,fur,aliterna,wayir_province,sedhernia_area,oserway_region,auteka,berlogoes,,,,
50,#1F9441,31,148,65,Valia,Oserway,land,wetlands,grasslands,continental,0,catholic,oserwayner,9000,gems,valia,sedhernia_province,sedhernia_area,oserway_region,auteka,berlogoes,,,yes,
51,#1F9E41,31,158,65,Sedhernia,Oserway,land,flatland,farmlands,continental,0.25,catholic,oserwayner,30000,fish,sedhernia,sedhernia_province,sedhernia_area,oserway_region,auteka,berlogoes,,,yes,
52,#099936,9,153,54,Rattan,Irvaltic,land,flatland,forest,continental,0,catholic,irvaltan,10000,stone,rattan,rattan_province,eyibre_area,irvaltic_region,auteka,berlogoes,,,yes,
53,#098F36,9,143,54,Vatilan,Irvaltic,land,flatland,forest,continental,0,catholic,irvaltan,8500,salt,vatilan,rattan_province,eyibre_area,irvaltic_region,auteka,berlogoes,,,yes,
54,#0CCE4D,12,206,77,Eyibre,Irvaltic,land,flatland,grasslands,continental,0,catholic,irvaltan,16000,fish,eyibre,eyibre_province,eyibre_area,irvaltic_region,auteka,berlogoes,,,yes,
55,#0CD34F,12,211,79,Beriova,Irvaltic,land,flatland,grasslands,continental,0,catholic,irvaltan,15000,fur,beriova,kirvalt_province,eyibre_area,irvaltic_region,auteka,berlogoes,,,yes,
56,#0CC843,12,200,67,Kirvalt,Irvaltic,land,hills,grasslands,continental,,catholic,irvaltan,22000,iron,kirvalt,kirvalt_province,eyibre_area,irvaltic_region,auteka,berlogoes,,,,
57,#0CC84F,12,200,79,Ostakman,Irvaltic,land,flatland,grasslands,continental,0.1,catholic,irvaltan,18000,fish,ostakman,kirvalt_province,eyibre_area,irvaltic_region,auteka,berlogoes,,,yes,
58,#0CC94B,12,201,75,Devaltic,Irvaltic,land,flatland,farmlands,continental,0.8,catholic,irvaltan,150000,fish,devaltic,devaltic_province,devaltic_area,irvaltic_region,auteka,berlogoes,,,yes,
59,#0CBE4B,12,190,75,Lorensavalt,Irvaltic,land,flatland,farmlands,continental,0,catholic,irvaltan,21000,legumes,lorensavalt,devaltic_province,devaltic_area,irvaltic_region,auteka,berlogoes,,,yes,
60,#0CD143,12,209,67,Airebenic,Irvaltic,land,wetlands,farmlands,continental,,catholic,irvaltan,9500,fiber_crops,airebenic,pibaia_province,devaltic_area,irvaltic_region,auteka,berlogoes,,,,
61,#0BDA51,11,218,81,Pelartise,Irvaltic,land,flatland,farmlands,continental,,catholic,irvaltan,10000,fruit,pelartise,pibaia_province,devaltic_area,irvaltic_region,auteka,berlogoes,,,,
62,#0CD14E,12,209,78,Pibaia,Irvaltic,land,flatland,farmlands,continental,0,catholic,irvaltan,18000,legumes,pibaia,pibaia_province,devaltic_area,irvaltic_region,auteka,berlogoes,,,yes,
63,#0BB13B,11,177,59,Truaiba,Irvaltic,land,flatland,farmlands,continental,,catholic,irvaltan,20000,lumber,truaiba,truaiba_province,nortase_area,irvaltic_region,auteka,berlogoes,,,,
64,#0BBC46,11,188,70,Ikasfumt,Irvaltic,land,flatland,woods,continental,,catholic,irvaltan,12000,fur,ikasfumt,truaiba_province,nortase_area,irvaltic_region,auteka,berlogoes,,,,
65,#0BB146,11,177,70,Vivialdent,Irvaltic,land,flatland,grasslands,continental,0.1,catholic,luvitan,15000,fish,vivialdent,truaiba_province,nortase_area,irvaltic_region,auteka,berlogoes,,,yes,
66,#0BB648,11,182,72,Ivante,Irvaltic,land,flatland,grasslands,continental,,catholic,luvitan,9500,fur,ivante,nortase_province,nortase_area,irvaltic_region,auteka,berlogoes,,,,
67,#0BC148,11,193,72,Nortase,Irvaltic,land,hills,woods,continental,0,catholic,luvitan,21000,fish,nortase,nortase_province,nortase_area,irvaltic_region,auteka,berlogoes,,,yes,
68,#0AAA43,10,170,67,Valiganic,Irvaltic,land,wetlands,farmlands,continental,,catholic,irvaltan,9500,tobacco,valiganic,kiltenic_province,irvaltia_area,irvaltic_region,auteka,berlogoes,,,,
69,#0AB543,10,181,67,Kiltenic,Irvaltic,land,hills,woods,continental,,catholic,irvaltan,40000,lumber,kiltenic,kiltenic_province,irvaltia_area,irvaltic_region,auteka,berlogoes,,,,
70,#0AA341,10,163,65,Fergoisner,Irvaltic,land,wetlands,farmlands,continental,,catholic,irvaltan,13000,fruit,fergoisner,irvyser_province,irvaltia_area,irvaltic_region,auteka,berlogoes,,,,
71,#0AAF41,10,175,65,Irvyser,Irvaltic,land,hills,farmlands,continental,,catholic,irvaltan,47500,wine,irvyser,irvyser_province,irvaltia_area,irvaltic_region,auteka,berlogoes,,,,
72,#0AA03F,10,160,63,Ripteresa,Irvaltic,land,wetlands,farmlands,continental,,catholic,irvaltan,20000,saffron,ripteresa,ripteresa_province,irvaltia_area,irvaltic_region,auteka,berlogoes,,,,
73,#0AAA3F,10,170,63,Aibern,Irvaltic,land,hills,woods,continental,,catholic,irvaltan,15000,coal,aibern,ripteresa_province,irvaltia_area,irvaltic_region,auteka,berlogoes,,,,
75,#09A33A,9,163,58,Baluknia,Irvaltic,land,hills,grasslands,continental,,catholic,irvaltan,27500,wool,baluknia,baluknia_province,irvaltia_area,irvaltic_region,auteka,berlogoes,,,,
76,#09993A,9,153,58,Auternia,Irvaltic,land,mountains,forest,continental,,catholic,irvaltan,8500,lumber,auternia,baluknia_province,irvaltia_area,irvaltic_region,auteka,berlogoes,,,,
77,#005FAD,0,95,173,Hotspot,,land,flatland,grasslands,continental,0,norse,dennisite,1,fish,hotspot,hotspot_province,vitur_area,crezion_region,auteka,berlogoes,,,yes,
78,#0082F4,0,130,244,Vitur,Luvit,land,flatland,farmlands,continental,0.6,catholic,luvitan,55000,fish,vitur,vitur_province,vitur_area,crezion_region,auteka,berlogoes,,,yes,
79,#007FEF,0,127,239,Teniton,Luvit,land,flatland,grasslands,continental,0,catholic,luvitan,12500,tin,teniton,luvit_province,vitur_area,crezion_region,auteka,berlogoes,,,yes,
80,#0074EF,0,116,239,Aivantus,Luvit,land,flatland,grasslands,continental,0,catholic,luvitan,10000,fish,aivantus,luvit_province,vitur_area,crezion_region,auteka,berlogoes,,,yes,
81,#0081F9,0,129,249,Caleiant,Luvit,land,flatland,grasslands,continental,0.15,catholic,luvitan,20000,lumber,caleiant,caleiant_province,vitur_area,crezion_region,auteka,berlogoes,,,yes,
82,#0077F9,0,119,249,Haitus,Luvit,land,mountains,forest,continental,,catholic,luvitan,8500,lumber,haitus,caleiant_province,vitur_area,crezion_region,auteka,berlogoes,,,,
83,#0072EA,0,114,234,Lijiante,Luvit,land,flatland,grasslands,continental,0,catholic,luvitan,12000,millet,lijiante,wudbrigo_province,vitur_area,crezion_region,auteka,berlogoes,,,yes,
84,#007DEA,0,125,234,Wudbrigo,Luvit,land,flatland,farmlands,continental,0.25,catholic,luvitan,23000,lumber,wudbrigo,wudbrigo_province,vitur_area,crezion_region,auteka,berlogoes,,,yes,
85,#0075D6,0,117,214,Rezicoa,Crezion,land,flatland,farmlands,continental,0.1,catholic,crezionan,15000,legumes,rezicoa,rezicoa_province,crezion_area,crezion_region,auteka,berlogoes,,,yes,
86,#006BD6,0,107,214,Ekvantes,Crezion,land,flatland,grasslands,continental,,catholic,crezionan,9500,stone,ekvantes,rezicoa_province,crezion_area,crezion_region,auteka,berlogoes,,,,
87,#0069D1,0,105,209,Qiltevante,Crezion,land,hills,woods,continental,,catholic,crezionan,4500,iron,qiltevante,kresiante_province,crezion_area,crezion_region,auteka,berlogoes,,,,
88,#0073D1,0,115,209,Kresiante,Crezion,land,flatland,farmlands,continental,0.8,catholic,crezionan,85000,medicaments,kresiante,kresiante_province,crezion_area,crezion_region,auteka,berlogoes,,,yes,
89,#0078DB,0,120,219,Porunialo,Crezion,land,wetlands,farmlands,continental,0,catholic,crezionan,25000,fish,porunialo,porunialo_province,crezion_area,crezion_region,auteka,berlogoes,,,yes,
90,#0066CC,0,102,204,Yerivonte,Crezion,land,flatland,woods,continental,,catholic,crezionan,20000,wheat,yerivonte,hartevous_province,crezion_area,crezion_region,auteka,berlogoes,,,,
91,#0070CC,0,112,204,Hartevous,Crezion,land,mountains,forest,continental,,catholic,crezionan,9500,marble,hartevous,hartevous_province,crezion_area,crezion_region,auteka,berlogoes,,,,
92,#006AC1,0,106,193,Yerolinte,Akkadium,land,plateau,grasslands,continental,,catholic,lorkian,12000,sand,yerolinte,arbation_province,loricoast_area,crezion_region,auteka,berlogoes,,,,
93,#006AB5,0,106,181,Ivatraisin,Akkadium,land,flatland,grasslands,continental,,catholic,lorkian,10000,fruit,ivatraisin,arbation_province,loricoast_area,crezion_region,auteka,berlogoes,,,,
94,#0067BC,0,103,188,Asuriante,Akkadium,land,hills,woods,continental,0,catholic,lorkian,15000,beeswax,asuriante,asuriante_province,loricoast_area,crezion_region,auteka,berlogoes,,,yes,
95,#0067AF,0,103,175,Kaivasth,Akkadium,land,flatland,grasslands,continental,0,catholic,lorkian,9500,stone,kaivasth,asuriante_province,loricoast_area,crezion_region,auteka,berlogoes,,,yes,
96,#005DBC,0,93,188,Arbation,Akkadium,land,hills,woods,continental,,catholic,lorkian,18000,salt,arbation,arbation_province,loricoast_area,crezion_region,auteka,berlogoes,,,,
97,#0062C6,0,98,198,Loricoast,Irvusium,land,flatland,grasslands,continental,0.25,catholic,harvingan,40000,fish,loricoast,loricoast_province,loricoast_area,crezion_region,auteka,berlogoes,,,yes,
98,#006DBA,0,109,186,Jivantes,Irvusium,land,plateau,woods,continental,,catholic,harvingan,10000,livestock,jivantes,loricoast_province,loricoast_area,crezion_region,auteka,berlogoes,,,,
99,#006DC6,0,109,198,Lukatar,Irvusium,land,plateau,woods,continental,,catholic,harvingan,9500,fiber_crops,lukatar,loricoast_province,loricoast_area,crezion_region,auteka,berlogoes,,,,
100,#0076FF,0,118,255,Wenovo,Keguria,land,flatland,farmlands,continental,0.1,catholic,crezionan,13000,clay,wenovo,keguria_province,keguria_area,crezion_region,auteka,berlogoes,,,yes,
101,#0080FF,0,128,255,Tiriqua,Keguria,land,hills,woods,continental,0,catholic,crezionan,10000,fruit,tiriqua,keguria_province,keguria_area,crezion_region,auteka,berlogoes,,,yes,
102,#0080F5,0,128,245,Vintecoa,Keguria,land,flatland,grasslands,continental,0,catholic,crezionan,9500,fish,vintecoa,keguria_province,keguria_area,crezion_region,auteka,berlogoes,,,yes,
103,#0064AB,0,100,171,Keguristh,Keguria,land,flatland,grasslands,continental,0,catholic,crezionan,10000,wheat,keguristh,imnosto_province,keguria_area,crezion_region,auteka,berlogoes,,,yes,
104,#0064B7,0,100,183,Imnosto,Keguria,land,flatland,farmlands,continental,0.15,catholic,crezionan,25000,wheat,imnosto,imnosto_province,keguria_area,crezion_region,auteka,berlogoes,,,yes,
105,#005AB7,0,90,183,Abacoa,Keguria,land,flatland,grasslands,continental,0,catholic,crezionan,10000,fish,abacoa,imnosto_province,keguria_area,crezion_region,auteka,berlogoes,,,yes,
106,#0071E0,0,113,224,Baveristha,Keguria,land,flatland,grasslands,continental,0.1,catholic,crezionan,12000,fish,baveristha,bisatho_province,keguria_area,crezion_region,auteka,berlogoes,,,yes,
107,#007BE0,0,123,224,Bisatho,Keguria,land,flatland,grasslands,continental,0,catholic,crezionan,8500,salt,bisatho,bisatho_province,keguria_area,crezion_region,auteka,berlogoes,,,yes,
108,#007EE5,0,126,229,Comoso,Luvit,land,wetlands,grasslands,continental,0,catholic,luvitan,8500,livestock,comoso,comoso_province,keguria_area,crezion_region,auteka,berlogoes,,,yes,
109,#E51B11,229,27,17,Oveponti,Durinaka,land,flatland,grasslands,continental,0.1,catholic,durninian,10000,wheat,oveponti,durinaka_province,durinaka_area,harving_region,auteka,berlogoes,,,yes,
110,#E51B25,229,27,37,Durinaka,Durinaka,land,flatland,grasslands,continental,,catholic,durninian,8000,clay,durinaka,durinaka_province,durinaka_area,harving_region,auteka,berlogoes,,,,
111,#E5111B,229,17,27,Belagen,Durinaka,land,flatland,woods,continental,0,catholic,durninian,7000,lumber,belagen,durinaka_province,durinaka_area,harving_region,auteka,berlogoes,,,yes,
112,#E51B1B,229,27,27,Finhilen,Durinaka,land,flatland,woods,continental,0,catholic,durninian,15000,fish,finhilen,durinaka_province,durinaka_area,harving_region,auteka,berlogoes,,,yes,
113,#E51125,229,17,37,Helbar,Durinaka,land,hills,woods,continental,0,catholic,durninian,6500,iron,helbar,durinaka_province,durinaka_area,harving_region,auteka,berlogoes,,,yes,
114,#D11922,209,25,34,Zeltas,Kodilen,land,flatland,grasslands,continental,,catholic,kodan,4500,livestock,zeltas,kodilen_province,kodilen_area,harving_region,auteka,berlogoes,,,,
115,#D11918,209,25,24,Kodilen,Kodilen,land,flatland,grasslands,continental,,catholic,kodan,4500,horses,kodilen,kodilen_province,kodilen_area,harving_region,auteka,berlogoes,,,,
116,#D10F18,209,15,24,Gotuiluen,Kodilen,land,flatland,grasslands,continental,,catholic,kodan,4500,horses,gotuiluen,kodilen_province,kodilen_area,harving_region,auteka,berlogoes,,,,
117,#D10F22,209,15,34,Algodus,Kodilen,land,plateau,sparse,continental,,catholic,kodan,6500,clay,algodus,kodilen_province,kodilen_area,harving_region,auteka,berlogoes,,,,
119,#C91817,201,24,23,Arveha,Kodilen,land,plateau,sparse,continental,,catholic,lorkian,8500,wheat,arveha,wiltilen_province,kodilen_area,harving_region,auteka,berlogoes,,,,
120,#C41720,196,23,32,Sudwiltilen,Irvusium,land,plateau,sparse,continental,,catholic,harvingan,2500,wheat,sudwiltilen,luka_province,kodilen_area,harving_region,auteka,berlogoes,,,,
121,#C41716,196,23,22,Luka,Irvusium,land,plateau,sparse,continental,,catholic,harvingan,11000,fruit,luka,luka_province,kodilen_area,harving_region,auteka,berlogoes,,,,
122,#D30F22,211,15,34,Iralvantion,Irvusium,land,flatland,farmlands,continental,,catholic,irvaltan,12500,fruit,iralvantion,iralvantion_province,kodilen_area,harving_region,auteka,berlogoes,,,,
123,#D31922,211,25,34,Miltasiku,Irvusium,land,plateau,sparse,continental,,catholic,harvingan,8500,wheat,miltasiku,iralvantion_province,kodilen_area,harving_region,auteka,berlogoes,,,,
124,#D31918,211,25,24,Milian,Irvusium,land,plateau,sparse,continental,,catholic,harvingan,5500,stone,milian,iralvantion_province,kodilen_area,harving_region,auteka,berlogoes,,,,
125,#E01A24,224,26,36,Simosino,Irvusium,land,flatland,grasslands,continental,0,catholic,harvingan,12000,livestock,simosino,yultanen_province,durinaka_area,harving_region,auteka,berlogoes,,,yes,
126,#E01A1A,224,26,26,Raltolen,Irvusium,land,flatland,woods,continental,0,catholic,harvingan,13000,millet,raltolen,yultanen_province,durinaka_area,harving_region,auteka,berlogoes,,,yes,
127,#E0101A,224,16,26,Yultanen,Irvusium,land,flatland,grasslands,continental,0.1,catholic,harvingan,25000,lumber,yultanen,yultanen_province,durinaka_area,harving_region,auteka,berlogoes,,,yes,
128,#E01024,224,16,36,Olvolferi,Irvusium,land,flatland,grasslands,continental,,catholic,harvingan,10000,wheat,olvolferi,yultanen_province,durinaka_area,harving_region,auteka,berlogoes,,,,
129,#DB1019,219,16,25,Sudiglos,Irvusium,land,flatland,woods,continental,0,catholic,harvingan,14000,tin,sudiglos,irvus_province,irvusium_area,harving_region,auteka,berlogoes,,,yes,
130,#DB1A23,219,26,35,Nontar,Irvusium,land,wetlands,grasslands,continental,0,catholic,harvingan,10000,wheat,nontar,irvus_province,irvusium_area,harving_region,auteka,berlogoes,,,yes,
131,#DB100F,219,16,15,Irvus,Irvusium,land,flatland,farmlands,continental,0.75,catholic,harvingan,150000,fruit,irvus,irvus_province,irvusium_area,harving_region,auteka,berlogoes,,,yes,
132,#DB1023,219,16,35,Hervlen,Irvusium,land,flatland,grasslands,continental,0,catholic,harvingan,10000,salt,hervlen,irvus_province,irvusium_area,harving_region,auteka,berlogoes,,,yes,
133,#A01414,160,20,20,Fordanias,Irvusium,land,wetlands,grasslands,continental,,catholic,harvingan,10000,stone,fordanias,dialceri_province,irvusium_area,harving_region,auteka,berlogoes,,,,
134,#A0141E,160,20,30,Dialceri,Irvusium,land,flatland,grasslands,continental,0,catholic,harvingan,9000,fish,dialceri,dialceri_province,irvusium_area,harving_region,auteka,berlogoes,,,yes,
135,#A00A1E,160,10,30,Deviatonius,Irvusium,land,flatland,grasslands,continental,0,catholic,harvingan,8500,fish,deviatonius,dialceri_province,irvusium_area,harving_region,auteka,berlogoes,,,yes,
136,#7F1019,127,16,25,Irvanyon,Irvusium,land,flatland,farmlands,continental,,catholic,harvingan,12000,wool,irvanyon,irvanyon_province,irvusium_area,harving_region,auteka,berlogoes,,,,
137,#7F1005,127,16,5,Hoiriale,Irvusium,land,flatland,farmlands,continental,,catholic,harvingan,10000,livestock,hoiriale,irvanyon_province,irvusium_area,harving_region,auteka,berlogoes,,,,
138,#7F100F,127,16,15,Sudagralen,Irvusium,land,flatland,grasslands,continental,,catholic,harvingan,12500,wheat,sudagralen,irvanyon_province,irvusium_area,harving_region,auteka,berlogoes,,,,
139,#7F0519,127,5,25,Arhilen,Irvusium,land,flatland,farmlands,continental,,catholic,harvingan,17000,livestock,arhilen,irvanyon_province,irvusium_area,harving_region,auteka,berlogoes,,,,
140,#84111A,132,17,26,Sarquius,Irvusium,land,flatland,farmlands,continental,0.1,catholic,harvingan,22500,stone,sarquius,sarquius_province,seulcaynia_area,harving_region,auteka,berlogoes,,,yes,
141,#841110,132,17,16,Suujandis,Irvusium,land,hills,farmlands,continental,,catholic,harvingan,17000,wheat,suujandis,sarquius_province,seulcaynia_area,harving_region,auteka,berlogoes,,,,
142,#8E121C,142,18,28,Siriutanas,Seulcaynia,land,flatland,farmlands,continental,,catholic,harvingan,12500,wheat,siriutanas,sulcas_province,seulcaynia_area,harving_region,auteka,berlogoes,,,,
143,#8E1212,142,18,18,Sulcas,Seulcaynia,land,flatland,farmlands,continental,,catholic,harvingan,20000,wheat,sulcas,sulcas_province,seulcaynia_area,harving_region,auteka,berlogoes,,,,
144,#AF1621,175,22,33,Saridanus,Seulcaynia,land,hills,woods,continental,,catholic,harvingan,12500,wheat,saridanus,saridanus_province,seulcaynia_area,harving_region,auteka,berlogoes,,,,
145,#AF1617,175,22,23,Servpulicanes,Seulcaynia,land,flatland,farmlands,continental,,catholic,harvingan,13500,livestock,servpulicanes,saridanus_province,seulcaynia_area,harving_region,auteka,berlogoes,,,,
146,#93131D,147,19,29,Syjandius,Seulcaynia,land,flatland,farmlands,continental,,catholic,harvingan,15500,medicaments,syjandius,syjandius_province,seulcaynia_area,harving_region,auteka,berlogoes,,,,
147,#931313,147,19,19,Sjultianitys,Seulcaynia,land,flatland,farmlands,continental,,catholic,harvingan,11500,beeswax,sjultianitys,syjandius_province,seulcaynia_area,harving_region,auteka,berlogoes,,,,
148,#B71620,183,22,32,Taritan,Irvusium,land,plateau,woods,continental,,catholic,harvingan,8000,lumber,taritan,nerskol_province,nerskol_area,harving_region,auteka,berlogoes,,,,
149,#B70C0C,183,12,12,Alakosuna,Irvusium,land,flatland,forest,continental,0,catholic,harvingan,9500,lumber,alakosuna,nerskol_province,nerskol_area,harving_region,auteka,berlogoes,,,yes,
150,#B70C16,183,12,22,Lordial,Irvusium,land,plateau,forest,continental,,catholic,harvingan,9000,livestock,lordial,nerskol_province,nerskol_area,harving_region,auteka,berlogoes,,,,
151,#B71616,183,22,22,Nerskol,Irvusium,land,plateau,woods,continental,,catholic,harvingan,15000,legumes,nerskol,nerskol_province,nerskol_area,harving_region,auteka,berlogoes,,,,
152,#BC1621,188,22,33,Aleimatus,Irvusium,land,plateau,forest,continental,,catholic,harvingan,9000,olives,aleimatus,sulden_province,nerskol_area,harving_region,auteka,berlogoes,,,,
153,#BC0C17,188,12,23,Sulden,Irvusium,land,flatland,woods,continental,0.1,catholic,harvingan,12500,stone,sulden,sulden_province,nerskol_area,harving_region,auteka,berlogoes,,,yes,
154,#BC160D,188,22,13,Roqcote,Irvusium,land,flatland,woods,continental,0,catholic,harvingan,8700,salt,roqcote,sulden_province,nerskol_area,harving_region,auteka,berlogoes,,,yes,
155,#BC1617,188,22,23,Drialen,Irvusium,land,flatland,grasslands,continental,0,catholic,harvingan,7000,fish,drialen,sulden_province,nerskol_area,harving_region,auteka,berlogoes,,,yes,
156,#991314,153,19,20,Sivmars,Markantar,land,flatland,farmlands,continental,,catholic,harvingan,12500,stone,sivmars,markantar_province,markantar_area,harving_region,auteka,berlogoes,,,,
157,#99131E,153,19,30,Rezendea,Markantar,land,hills,grasslands,continental,,catholic,harvingan,9000,iron,rezendea,markantar_province,markantar_area,harving_region,auteka,berlogoes,,,,
158,#99130A,153,19,10,Markantar,Markantar,land,flatland,farmlands,continental,1,catholic,harvingan,67500,copper,markantar,markantar_province,markantar_area,harving_region,auteka,berlogoes,,,yes,
159,#AA1620,170,22,32,Garseritronia,Markantar,land,hills,forest,continental,,catholic,harvingan,6500,lumber,garseritronia,jereminha_province,markantar_area,harving_region,auteka,berlogoes,,,,
160,#AA0C0A,170,12,10,Jereminha,Markantar,land,wetlands,forest,continental,0.1,catholic,harvingan,7500,fish,jereminha,jereminha_province,markantar_area,harving_region,auteka,berlogoes,,,yes,
161,#AA160A,170,22,10,Jerelonia,Markantar,land,hills,forest,continental,0,catholic,harvingan,9500,stone,jerelonia,jereminha_province,markantar_area,harving_region,auteka,berlogoes,,,yes,
162,#AA1614,170,22,20,Gihalon,Markantar,land,wetlands,woods,continental,,catholic,harvingan,8500,marble,gihalon,jereminha_province,markantar_area,harving_region,auteka,berlogoes,,,yes,
163,#891111,137,17,17,Mozitan,Irvusium,land,hills,woods,continental,0,catholic,harvingan,7000,salt,mozitan,mozuturia_province,coteden_area,harving_region,auteka,berlogoes,,,yes,
164,#89111B,137,17,27,Mozuturia,Irvusium,land,hills,woods,continental,0,catholic,harvingan,8500,stone,mozuturia,mozuturia_province,coteden_area,harving_region,auteka,berlogoes,,,yes,
165,#A50B0B,165,11,11,Viltran,Irvusium,land,flatland,woods,continental,,catholic,harvingan,7500,silver,viltran,mozuturia_province,coteden_area,harving_region,auteka,berlogoes,,,,
166,#A5151F,165,21,31,Coteden,Agraine,land,flatland,grasslands,continental,0.25,catholic,arkinese,37500,fish,coteden,coteden_province,coteden_area,harving_region,auteka,berlogoes,,,yes,
167,#A50B15,165,11,21,Gratent,Agraine,land,flatland,woods,continental,0,catholic,graystonese,11000,iron,gratent,coteden_province,coteden_area,harving_region,auteka,berlogoes,,,yes,
168,#A51515,165,21,21,Cimagria,Agraine,land,flatland,grasslands,continental,0,catholic,arkinese,8000,fish,cimagria,coteden_province,coteden_area,harving_region,auteka,berlogoes,,,yes,
169,#7A050F,122,5,15,Gracratonia,,land,plateau,forest,continental,,norse,graystonese,5000,lumber,gracratonia,veltonia_province,arginitonia_area,harving_region,auteka,berlogoes,,,,
170,#7A0F18,122,15,24,Grareuria,,land,plateau,woods,continental,,norse,graystonese,4500,silver,grareuria,veltonia_province,arginitonia_area,harving_region,auteka,berlogoes,,,,
171,#7A0F14,122,15,20,Veltonia,,land,hills,forest,continental,,norse,harvingan,5000,wine,veltonia,veltonia_province,arginitonia_area,harving_region,auteka,berlogoes,,,,
172,#7A0A14,122,10,20,Orfau,,land,plateau,forest,continental,,norse,harvingan,3500,lumber,orfau,veltonia_province,arginitonia_area,harving_region,auteka,berlogoes,,,,
173,#7A0A0F,122,10,15,Kilonikus,,land,plateau,forest,continental,,norse,harvingan,3500,lumber,kilonikus,veltonia_province,arginitonia_area,harving_region,auteka,berlogoes,,,,
174,#750F17,117,15,23,Arginitonia,,land,plateau,forest,continental,,norse,harvingan,4000,silver,arginitonia,arginitonia_province,arginitonia_area,harving_region,auteka,berlogoes,,,,
175,#750A0D,117,10,13,Alvatronia,,land,hills,forest,continental,,norse,harvingan,3500,lumber,alvatronia,arginitonia_province,arginitonia_area,harving_region,auteka,berlogoes,,,,
176,#750F0D,117,15,13,Xeliant,,land,hills,forest,continental,,norse,harvingan,5000,lumber,xeliant,arginitonia_province,arginitonia_area,harving_region,auteka,berlogoes,,,,
177,#750F12,117,15,18,Vaitrais,,land,plateau,forest,continental,,norse,harvingan,5000,iron,vaitrais,arginitonia_province,arginitonia_area,harving_region,auteka,berlogoes,,,,
179,#700E16,112,14,22,Dervitar,,land,flatland,grasslands,continental,0,norse,dennisite,300,fish,dervitar,dervitar_province,nerskol_area,harving_region,auteka,berlogoes,,,yes,
180,#700E0C,112,14,12,Zigon,,land,flatland,grasslands,continental,0.1,norse,dennisite,200,legumes,zigon,dervitar_province,nerskol_area,harving_region,auteka,berlogoes,,,yes,
181,#A86C55,168,108,85,Agraine,Agraine,land,flatland,grasslands,continental,,catholic,arkinese,10000,wheat,agraine,capatcihu_province,agraine_area,arkine_region,auteka,berlogoes,,,yes,
182,#A87655,168,118,85,Capatcihu,Agraine,land,flatland,farmlands,continental,0.1,catholic,arkinese,11000,silk,capatcihu,capatcihu_province,agraine_area,arkine_region,auteka,berlogoes,,,yes,
183,#B27655,178,118,85,Valtitrahu,Agraine,land,flatland,grasslands,continental,0,catholic,arkinese,9500,tea,valtitrahu,capatcihu_province,agraine_area,arkine_region,auteka,berlogoes,,,yes,
184,#B26C55,178,108,85,Shimi,Agraine,land,flatland,farmlands,continental,0,catholic,arkinese,12000,fish,shimi,capatcihu_province,agraine_area,arkine_region,auteka,berlogoes,,,yes,
185,#B97A57,185,122,87,Duolrimi,Kiroshata,land,wetlands,woods,continental,,catholic,arkinese,8500,lumber,duolrimi,kiroshata_province,agraine_area,arkine_region,auteka,berlogoes,,,,
186,#B97057,185,112,87,Kiroshata,Kiroshata,land,flatland,farmlands,continental,0.6,catholic,arkinese,55000,fish,kiroshata,kiroshata_province,agraine_area,arkine_region,auteka,berlogoes,,,yes,
187,#A06A4D,160,106,77,Viratrihu,Kiroshata,land,wetlands,woods,continental,,catholic,arkinese,9500,lumber,viratrihu,reitsehn_province,arkino_area,arkine_region,auteka,berlogoes,,,,
188,#966A4D,150,106,77,Reitsehn,Kiroshata,land,flatland,farmlands,continental,,catholic,arkinese,20000,olives,reitsehn,reitsehn_province,arkino_area,arkine_region,auteka,berlogoes,,,,
189,#8C6A4D,140,106,77,Makanaka,Kiroshata,land,flatland,farmlands,continental,0.15,catholic,arkinese,13500,wine,makanaka,reitsehn_province,arkino_area,arkine_region,auteka,berlogoes,,,yes,
190,#9B6D4F,155,109,79,Batasta,Kiroshata,land,wetlands,woods,continental,0,catholic,arkinese,10500,saltpeter,batasta,arbatija_province,arkino_area,arkine_region,auteka,berlogoes,,,yes,
191,#A56D4F,165,109,79,Arbatija,Kiroshata,land,flatland,grasslands,continental,0,catholic,arkinese,15500,legumes,arbatija,arbatija_province,arkino_area,arkine_region,auteka,berlogoes,,,yes,
192,#AA6752,170,103,82,Canaka,Kiroshata,land,flatland,farmlands,continental,0,catholic,arkinese,12500,tea,canaka,arkino_province,arkino_area,arkine_region,auteka,berlogoes,,,yes,
193,#AA7152,170,113,82,Arkino,Kiroshata,land,flatland,farmlands,continental,0.1,catholic,arkinese,12000,fish,arkino,arkino_province,arkino_area,arkine_region,auteka,berlogoes,,,yes,
194,#995A4A,153,90,74,Makira,Kiroshata,land,flatland,farmlands,continental,0.25,catholic,arkinese,25500,fish,makira,makira_province,zajarins_area,arkine_region,auteka,berlogoes,,,yes,
195,#99644A,153,100,74,Karchitu,Kiroshata,land,flatland,grasslands,continental,0,catholic,arkinese,15500,medicaments,karchitu,makira_province,zajarins_area,arkine_region,auteka,berlogoes,,,yes,
196,#936148,147,97,72,Algartrata,Kiroshata,land,flatland,woods,continental,0,catholic,arkinese,10500,lumber,algartrata,makira_province,zajarins_area,arkine_region,auteka,berlogoes,,,yes,
197,#935748,147,87,72,Unaimha,Kiroshata,land,flatland,grasslands,continental,0,catholic,arkinese,9500,fish,unaimha,makira_province,zajarins_area,arkine_region,auteka,berlogoes,,,yes,
198,#934D48,147,77,72,Retikihu,Kiroshata,land,flatland,woods,continental,0,catholic,arkinese,12000,millet,retikihu,makira_province,zajarins_area,arkine_region,auteka,berlogoes,,,yes,
199,#8E5445,142,84,69,Eshatir,,land,flatland,grasslands,continental,0,norse,arkinese,5500,fruit,eshatir,eshatir_province,zajarins_area,arkine_region,auteka,berlogoes,,,yes,
200,#8E5E45,142,94,69,Phrotira,,land,flatland,woods,continental,0,norse,arkinese,2500,fish,phrotira,eshatir_province,zajarins_area,arkine_region,auteka,berlogoes,,,yes,
201,#845E45,132,94,69,Cuvatira,,land,flatland,woods,continental,0,norse,arkinese,2000,tea,cuvatira,eshatir_province,zajarins_area,arkine_region,auteka,berlogoes,,,yes,
202,#895A43,137,90,67,Culoreon,Zajarin,land,flatland,grasslands,continental,0.25,norse,arkinese,7500,lumber,culoreon,eshatir_province,zajarins_area,arkine_region,auteka,berlogoes,,,yes,
203,#895043,137,80,67,Kilonika,Zajarin,land,flatland,grasslands,continental,0,norse,arkinese,3500,millet,kilonika,denisoara_province,zajarins_area,arkine_region,auteka,berlogoes,,,yes,
204,#845740,132,87,64,Denisoara,,land,flatland,woods,continental,0.1,norse,arkinese,4500,fish,denisoara,denisoara_province,zajarins_area,arkine_region,auteka,berlogoes,,,yes,
205,#3D3CC6,61,60,198,Novitar,,land,flatland,woods,continental,0,norse,dennisite,2000,stone,novitar,cimell_province,luvit_area,luvit_region,auteka,berlogoes,,,yes,
206,#3D46C6,61,70,198,Amorel,,land,flatland,grasslands,continental,0.1,norse,dennisite,5000,fish,amorel,cimell_province,luvit_area,luvit_region,auteka,berlogoes,,,yes,
207,#3346C6,51,70,198,Cimell,,land,flatland,grasslands,continental,0.15,norse,dennisite,6000,olives,cimell,cimell_province,luvit_area,luvit_region,auteka,berlogoes,,,yes,
208,#3C44C1,60,68,193,Lurivabora,,land,wetlands,woods,continental,0,norse,dennisite,1500,livestock,lurivabora,timtonus_province,luvit_area,luvit_region,auteka,berlogoes,,,yes,
209,#3C3AC1,60,58,193,Timtonus,,land,flatland,woods,continental,0.1,norse,dennisite,1000,millet,timtonus,timtonus_province,luvit_area,luvit_region,auteka,berlogoes,,,yes,
210,#3C3ABC,60,58,188,Moindeluv,,land,hills,woods,continental,,norse,dennisite,1000,wheat,moindeluv,baitra_province,luvit_area,luvit_region,auteka,berlogoes,,,,
211,#3C44BC,60,68,188,Baitra,,land,flatland,grasslands,continental,0.2,norse,dennisite,7500,fish,baitra,baitra_province,luvit_area,luvit_region,auteka,berlogoes,,,yes,
212,#3A43B7,58,67,183,Livan,,land,flatland,grasslands,continental,0.1,norse,dennisite,5000,lumber,livan,livan_province,luvit_area,luvit_region,auteka,berlogoes,,,yes,
213,#353EA5,53,62,165,Sindarion,,land,flatland,grasslands,continental,0,norse,dennisite,500,alum,sindarion,sindarion_province,luvit_area,luvit_region,auteka,berlogoes,,,yes,
214,#3F3ECC,63,62,204,Dennis,Dennis,land,flatland,grasslands,continental,1,norse,dennisite,7000,fish,dennis,dennis_province,dennis_area,luvit_region,auteka,berlogoes,,,yes,
215,#3F48CC,63,72,204,Alxairen,Dennis,land,flatland,grasslands,continental,0,norse,dennisite,15000,lumber,alxairen,dennis_province,dennis_area,luvit_region,auteka,berlogoes,,,yes,
216,#3A39B7,58,57,183,Rivadeluv,Dennis,land,flatland,grasslands,continental,0,norse,dennisite,4000,fruit,rivadeluv,dennis_province,dennis_area,luvit_region,auteka,berlogoes,,,yes,
217,#3842AF,56,66,175,Sicidon,Dennis,land,flatland,grasslands,continental,0.1,norse,dennisite,5000,silver,sicidon,xibaltran_province,dennis_area,luvit_region,auteka,berlogoes,,,yes,
218,#3838AF,56,56,175,Itbeclud,Dennis,land,flatland,woods,continental,,norse,dennisite,5000,wool,itbeclud,xibaltran_province,dennis_area,luvit_region,auteka,berlogoes,,,,
219,#2E42AF,46,66,175,Xibaltran,Dennis,land,flatland,grasslands,continental,0.2,norse,dennisite,7500,fish,xibaltran,xibaltran_province,dennis_area,luvit_region,auteka,berlogoes,,,yes,
220,#3640AA,54,64,170,Isascade,Dennis,land,flatland,grasslands,continental,0.1,norse,dennisite,500,lumber,isascade,scadrania_province,dennis_area,luvit_region,auteka,berlogoes,,,yes,
221,#2C40AA,44,64,170,Scadrania,Dennis,land,flatland,grasslands,continental,0,norse,dennisite,250,sand,scadrania,scadrania_province,dennis_area,luvit_region,auteka,berlogoes,,,yes,
222,#3636AA,54,54,170,Alvadra,Dennis,land,flatland,woods,continental,0,norse,dennisite,250,fish,alvadra,scadrania_province,dennis_area,luvit_region,auteka,berlogoes,,,yes,
223,#7F4A3E,127,74,62,Artraridium,,land,flatland,woods,continental,0,norse,arkinese,4500,olives,artraridium,livudratium_province,pandatta_area,soriden_region,tousourilea,berlogoes,,,yes,
224,#7F543E,127,84,62,Xrevalium,,land,flatland,woods,continental,0,norse,arkinese,7500,lumber,xrevalium,livudratium_province,pandatta_area,soriden_region,tousourilea,berlogoes,,,yes,
225,#75543E,117,84,62,Livudratium,,land,flatland,woods,continental,0,norse,arkinese,7500,fiber_crops,livudratium,livudratium_province,pandatta_area,soriden_region,tousourilea,berlogoes,,,yes,
226,#7A503B,122,80,59,Pandatdial,Soriden,land,wetlands,woods,continental,0,catholic,arkinese,9500,fish,pandatdial,pandatta_province,pandatta_area,soriden_region,tousourilea,berlogoes,,,yes,
227,#7A463B,122,70,59,Kuvpantanda,Soriden,land,wetlands,grasslands,continental,0,catholic,arkinese,7500,livestock,kuvpantanda,pandatta_province,pandatta_area,soriden_region,tousourilea,berlogoes,,,yes,
228,#70503B,112,80,59,Pandatta,Soriden,land,flatland,grasslands,continental,0.1,catholic,arkinese,10500,livestock,pandatta,pandatta_province,pandatta_area,soriden_region,tousourilea,berlogoes,,,yes,
229,#6B4634,107,70,52,Soriden,Soriden,land,flatland,grasslands,continental,0,catholic,arkinese,10000,fish,soriden,soriden_province,soriden_area,soriden_region,tousourilea,berlogoes,,,yes,
230,#6B3C34,107,60,52,Halrian,Soriden,land,flatland,woods,continental,0,catholic,arkinese,8437,stone,halrian,soriden_province,soriden_area,soriden_region,tousourilea,berlogoes,,,yes,
231,#704A36,112,74,54,Harmounial,Soriden,land,flatland,grasslands,continental,0.2,catholic,arkinese,11000,wine,harmounial,harmounial_province,soriden_area,soriden_region,tousourilea,berlogoes,,,yes,
232,#704036,112,64,54,Elmaian,Soriden,land,flatland,woods,continental,0,catholic,arkinese,8437,mercury,elmaian,harmounial_province,soriden_area,soriden_region,tousourilea,berlogoes,,,yes,
233,#633630,99,54,48,Junetdial,Roco,land,flatland,woods,continental,0,catholic,rojerrite,8437,lumber,junetdial,cifetan_province,soriden_area,soriden_region,tousourilea,berlogoes,,,yes,
234,#634030,99,64,48,Cifetan,Roco,land,flatland,grasslands,continental,0.1,catholic,rojerrite,10000,stone,cifetan,cifetan_province,soriden_area,soriden_region,tousourilea,berlogoes,,,yes,
235,#754D39,117,77,57,Survainte,Soriden,land,flatland,woods,continental,0,catholic,arkinese,8437,maize,survainte,loretensia_province,soriden_area,soriden_region,tousourilea,berlogoes,,,yes,
236,#6B4D39,107,77,57,Loretensia,Soriden,land,flatland,forest,continental,0.1,catholic,arkinese,10000,medicaments,loretensia,loretensia_province,soriden_area,soriden_region,tousourilea,berlogoes,,,yes,
237,#BCBCBC,188,188,188,Lourten,Kodanium,land,hills,woods,continental,,catholic,kodan,8000,lumber,lourten,stunheis_province,kodanium_area,grayston_region,tousourilea,berlogoes,,,,
238,#BCB2BC,188,178,188,Mountei,Kodanium,land,flatland,forest,continental,0,catholic,kodan,8000,iron,mountei,stunheis_province,kodanium_area,grayston_region,tousourilea,berlogoes,,,yes,
239,#B2B2B2,178,178,178,Rocco,Droyal,land,flatland,woods,continental,0,catholic,kodan,10000,saltpeter,rocco,droyal_province,kodanium_area,grayston_region,tousourilea,berlogoes,,,yes,
240,#B2A8B2,178,168,178,Droyel,Droyal,land,flatland,woods,continental,0.1,catholic,kodan,10000,fish,droyel,droyal_province,kodanium_area,grayston_region,tousourilea,berlogoes,,,yes,
241,#B7ADB7,183,173,183,Gaitvun,Kodanium,land,flatland,grasslands,continental,0,catholic,kodan,10000,fish,gaitvun,kodan_province,kodanium_area,grayston_region,tousourilea,berlogoes,,,yes,
242,#B7B7B7,183,183,183,Stunhies,Kodanium,land,hills,woods,continental,,catholic,kodan,13500,stone,stunhies,kodan_province,kodanium_area,grayston_region,tousourilea,berlogoes,,,,
243,#ADB7B7,173,183,183,Kodan,Kodanium,land,flatland,grasslands,continental,,catholic,kodan,13500,lumber,kodan,kodan_province,kodanium_area,grayston_region,tousourilea,berlogoes,,,,
244,#999999,153,153,153,Bohem,Kodanium,land,flatland,grasslands,continental,,catholic,kodan,13500,dyes,bohem,bohem_province,kodanium_area,grayston_region,tousourilea,berlogoes,,,,
245,#998F99,153,143,153,Sikesburh,Kodanium,land,plateau,woods,continental,,catholic,kodan,13500,incense,sikesburh,bohem_province,kodanium_area,grayston_region,tousourilea,berlogoes,,,,
246,#A5A5A5,165,165,165,Dekania,Kodanium,land,hills,woods,continental,,catholic,durninian,10000,fur,dekania,dekania_province,dekiston_area,grayston_region,tousourilea,berlogoes,,,,
247,#A0AAAA,160,170,170,Dekianium,Dekiston,land,flatland,grasslands,continental,0,catholic,durninian,8000,millet,dekianium,larkarone_province,dekiston_area,grayston_region,tousourilea,berlogoes,,,yes,
248,#AAAAAA,170,170,170,Larkarone,Dekiston,land,flatland,woods,continental,,catholic,durninian,10000,wild_game,larkarone,larkarone_province,dekiston_area,grayston_region,tousourilea,berlogoes,,,,
249,#AAA0AA,170,160,170,Joicedial,Dekiston,land,flatland,woods,continental,0,catholic,durninian,8000,fish,joicedial,larkarone_province,dekiston_area,grayston_region,tousourilea,berlogoes,,,yes,
250,#A0A0A0,160,160,160,Comerzudial,Dekiston,land,hills,woods,continental,,catholic,durninian,8000,maize,comerzudial,comerzudial_province,dekiston_area,grayston_region,tousourilea,berlogoes,,,,
251,#A096A0,160,150,160,Fadianze,Dekiston,land,flatland,woods,continental,,catholic,durninian,8000,saltpeter,fadianze,comerzudial_province,dekiston_area,grayston_region,tousourilea,berlogoes,,,,
252,#BFBFB5,191,191,181,Adis Islands,Rojerrion,land,flatland,grasslands,continental,0,catholic,rojerrite,13500,fruit,adis_islands,rojerrion_province,rojerrion_area,grayston_region,tousourilea,berlogoes,,,yes,
253,#BFBFBF,191,191,191,Nurutonia,Rojerrion,land,flatland,grasslands,continental,0,catholic,rojerrite,13500,clay,nurutonia,rojerrion_province,rojerrion_area,grayston_region,tousourilea,berlogoes,,,yes,
254,#B5BFBF,181,191,191,Ceri d'Rojer,Rojerrion,land,flatland,grasslands,continental,0.8,catholic,rojerrite,100000,stone,ceri_drojer,rojerrion_province,rojerrion_area,grayston_region,tousourilea,berlogoes,,,yes,
255,#B0BABA,176,186,186,Hymongue,Rojerrion,land,flatland,grasslands,continental,0,catholic,rojerrite,16660,fish,hymongue,algalfacia_province,rojerrion_area,grayston_region,tousourilea,berlogoes,,,yes,
256,#BABAB0,186,186,176,Bericane,Rojerrion,land,flatland,grasslands,continental,0,catholic,rojerrite,16660,fish,bericane,algalfacia_province,rojerrion_area,grayston_region,tousourilea,berlogoes,,,yes,
257,#BABABA,186,186,186,Srilvant,Rojerrion,land,flatland,grasslands,continental,,catholic,rojerrite,16660,silk,srilvant,algalfacia_province,rojerrion_area,grayston_region,tousourilea,berlogoes,,,,
258,#BAB0BA,186,176,186,Algalfacia,Rojerrion,land,flatland,woods,continental,0,catholic,rojerrite,16660,fish,algalfacia,algalfacia_province,rojerrion_area,grayston_region,tousourilea,berlogoes,,,yes,
259,#B5B5B5,181,181,181,Darstuni,Rojerrion,land,flatland,grasslands,continental,,catholic,rojerrite,16660,maize,darstuni,tannurn_province,rojerrion_area,grayston_region,tousourilea,berlogoes,,,,
260,#B5ABB5,181,171,181,Tannurn,Rojerrion,land,plateau,grasslands,continental,,catholic,rojerrite,16660,tin,tannurn,tannurn_province,rojerrion_area,grayston_region,tousourilea,berlogoes,,,,
261,#ADADAD,173,173,173,Eltsackcul,Rojerrion,land,plateau,woods,continental,,catholic,rojerrite,13330,iron,eltsackcul,eltsackcul_province,rojerrion_area,grayston_region,tousourilea,berlogoes,,,,
262,#A89EA8,168,158,168,Cumonweal,Rojerrion,land,flatland,woods,continental,0.1,catholic,rojerrite,12000,copper,cumonweal,zordland_province,rojerrion_area,grayston_region,tousourilea,berlogoes,,,yes,
263,#A8A8A8,168,168,168,Zordland,Rojerrion,land,flatland,forest,continental,0,catholic,rojerrite,7500,maize,zordland,zordland_province,rojerrion_area,grayston_region,tousourilea,berlogoes,,,,
267,#827882,130,120,130,Emmerson,Solutika,land,flatland,grasslands,continental,0,catholic,rojerrite,8000,olives,emmerson,solutika_province,solutika_area,grayston_region,tousourilea,berlogoes,,,yes,
268,#788282,120,130,130,Puortika,Solutika,land,flatland,grasslands,continental,0,catholic,rojerrite,6000,fish,puortika,solutika_province,solutika_area,grayston_region,tousourilea,berlogoes,,,yes,
269,#828282,130,130,130,Tiendun,Solutika,land,flatland,grasslands,continental,0,catholic,rojerrite,5000,lumber,tiendun,solutika_province,solutika_area,grayston_region,tousourilea,berlogoes,,,yes,
270,#828278,130,130,120,Solutika,Solutika,land,flatland,grasslands,continental,0.75,catholic,rojerrite,56000,legumes,solutika,solutika_province,solutika_area,grayston_region,tousourilea,berlogoes,,,yes,
271,#7A8484,122,132,132,Bunjuria,Solutika,land,flatland,grasslands,continental,0,catholic,rojerrite,8000,fish,bunjuria,tolisuka_province,solutika_area,grayston_region,tousourilea,berlogoes,,,yes,
272,#84847A,132,132,122,Vardigaris,Solutika,land,flatland,woods,continental,0,catholic,rojerrite,6000,dyes,vardigaris,tolisuka_province,solutika_area,grayston_region,tousourilea,berlogoes,,,yes,
273,#848484,132,132,132,Tolisuka,Solutika,land,flatland,grasslands,continental,0.1,catholic,rojerrite,16000,olives,tolisuka,tolisuka_province,solutika_area,grayston_region,tousourilea,berlogoes,,,yes,
274,#847A84,132,122,132,Ajesin,Solutika,land,flatland,grasslands,continental,0,catholic,rojerrite,5000,fish,ajesin,tolisuka_province,solutika_area,grayston_region,tousourilea,berlogoes,,,yes,
275,#949E9E,148,158,158,Simonn,Solutika,land,flatland,grasslands,continental,0.2,catholic,rojerrite,26509,millet,simonn,simonn_province,solutika_area,grayston_region,tousourilea,berlogoes,,,yes,
276,#9E9E9E,158,158,158,Gandian,Solutika,land,flatland,woods,continental,0,catholic,rojerrite,8000,saffron,gandian,simonn_province,solutika_area,grayston_region,tousourilea,berlogoes,,,yes,
277,#A3A3A3,163,163,163,Ponetia,Solutika,land,flatland,woods,continental,0,catholic,rojerrite,10500,incense,ponetia,olikus_province,solutika_area,grayston_region,tousourilea,berlogoes,,,yes,
278,#A399A3,163,153,163,Olikus,Solutika,land,flatland,woods,continental,0,catholic,rojerrite,8000,fish,olikus,olikus_province,solutika_area,grayston_region,tousourilea,berlogoes,,,yes,
279,#968C96,150,140,150,Donetisia,Abluzrial,land,hills,woods,continental,,catholic,rojerrite,9642,stone,donetisia,abluzrial_province,cadrokia_area,grayston_region,tousourilea,berlogoes,,,,
280,#8C9696,140,150,150,Albegonium,Abluzrial,land,flatland,woods,continental,,catholic,rojerrite,9642,lumber,albegonium,abluzrial_province,cadrokia_area,grayston_region,tousourilea,berlogoes,,,,
281,#969696,150,150,150,Abluzrial,Abluzrial,land,flatland,grasslands,continental,0.25,catholic,rojerrite,9642,dyes,abluzrial,abluzrial_province,cadrokia_area,grayston_region,tousourilea,berlogoes,,,yes,
282,#897F89,137,127,137,Dirudial,Rojerrion,land,flatland,forest,continental,,catholic,rojerrite,9642,fiber_crops,dirudial,dirudial_province,cadrokia_area,grayston_region,tousourilea,berlogoes,,,,
283,#898989,137,137,137,Konisium,Rojerrion,land,flatland,forest,continental,,catholic,rojerrite,9642,fruit,konisium,dirudial_province,cadrokia_area,grayston_region,tousourilea,berlogoes,,,,
284,#918791,145,135,145,Gargonium,Cadrokia,land,flatland,woods,continental,0,catholic,morian,9642,fish,gargonium,cadrokia_province,cadrokia_area,grayston_region,tousourilea,berlogoes,,,yes,
285,#919191,145,145,145,Gilburnesium,Cadrokia,land,flatland,woods,continental,,catholic,morian,9642,sand,gilburnesium,cadrokia_province,cadrokia_area,grayston_region,tousourilea,berlogoes,,,,
286,#879191,135,145,145,Viltasanium,Cadrokia,land,flatland,grasslands,continental,0,catholic,morian,9642,fish,viltasanium,cadrokia_province,cadrokia_area,grayston_region,tousourilea,berlogoes,,,yes,
287,#8C828C,140,130,140,Lakoderuz,Cadrokia,land,hills,forest,continental,,catholic,morian,9642,fruit,lakoderuz,alvioz_province,cadrokia_area,grayston_region,tousourilea,berlogoes,,,,
288,#8C8C8C,140,140,140,Alvioz,Cadrokia,land,flatland,woods,continental,,catholic,morian,9642,fruit,alvioz,alvioz_province,cadrokia_area,grayston_region,tousourilea,berlogoes,,,,
289,#828C8C,130,140,140,Cadrokia,Cadrokia,land,flatland,grasslands,continental,0.2,catholic,morian,9642,lumber,cadrokia,alvioz_province,cadrokia_area,grayston_region,tousourilea,berlogoes,,,yes,
290,#132B12,19,43,18,Dizkgulf,Egurston,land,flatland,woods,continental,0,catholic,oyonese,6250,alum,dizkgulf,egurston_province,aragie_area,oyon_region,tousourilea,berlogoes,,,yes,
291,#092B12,9,43,18,Egurston,Egurston,land,flatland,forest,continental,,catholic,oyonese,6250,fruit,egurston,egurston_province,aragie_area,oyon_region,tousourilea,berlogoes,,,,
293,#122110,18,33,16,Faldrenium,Egurston,land,flatland,forest,continental,,catholic,oyonese,6250,lumber,faldrenium,oyon_province,aragie_area,oyon_region,tousourilea,berlogoes,,,,
294,#082110,8,33,16,Oyon,Egurston,land,flatland,forest,continental,,catholic,oyonese,6250,lumber,oyon,oyon_province,aragie_area,oyon_region,tousourilea,berlogoes,,,,
295,#0B3819,11,56,25,Smakal,Aragie,land,flatland,grasslands,continental,0.2,catholic,aragian,11000,stone,smakal,smakal_province,aragie_area,oyon_region,tousourilea,berlogoes,,,yes,
296,#0B3823,11,56,35,Larkocium,Aragie,land,flatland,woods,continental,,catholic,aragian,9642,fiber_crops,larkocium,smakal_province,aragie_area,oyon_region,tousourilea,berlogoes,,,,
297,#153819,21,56,25,Tostonius,Aragie,land,flatland,forest,continental,0,catholic,aragian,9642,pepper,tostonius,smakal_province,aragie_area,oyon_region,tousourilea,berlogoes,,,yes,
298,#111C0D,17,28,13,Bardheorial,Aragie,land,flatland,woods,continental,0,catholic,aragian,9642,fish,bardheorial,aragie_province,aragie_area,oyon_region,tousourilea,berlogoes,,,yes,
299,#07260D,7,38,13,Viltares,Aragie,land,flatland,woods,continental,0,catholic,aragian,9642,saltpeter,viltares,aragie_province,aragie_area,oyon_region,tousourilea,berlogoes,,,yes,
300,#071C0D,7,28,13,Aragie,Aragie,land,flatland,woods,continental,0.25,catholic,aragian,10000,fish,aragie,aragie_province,aragie_area,oyon_region,tousourilea,berlogoes,,,yes,
301,#071C17,7,28,23,Caponium,Aragie,land,flatland,sparse,arctic,0,catholic,aragian,9642,copper,caponium,aragie_province,aragie_area,oyon_region,tousourilea,berlogoes,,,yes,
302,#0B3A19,11,58,25,Capheiro,Aragie,land,flatland,sparse,arctic,0,catholic,aragian,8437,wild_game,capheiro,dalek_province,valdez_area,oyon_region,tousourilea,berlogoes,,,yes,
303,#153A14,21,58,20,Dalek,Aragie,land,flatland,sparse,arctic,0.1,catholic,aragian,10000,fish,dalek,dalek_province,valdez_area,oyon_region,tousourilea,berlogoes,,,yes,
304,#071E0E,7,30,14,Tadoz,Zodium,land,hills,forest,continental,,catholic,oyonese,8000,fur,tadoz,zodium_province,valdez_area,oyon_region,tousourilea,berlogoes,,,,
305,#111E0E,17,30,14,Zodium,Zodium,land,mountains,forest,continental,,catholic,oyonese,4000,lumber,zodium,zodium_province,valdez_area,oyon_region,tousourilea,berlogoes,,,,
306,#153D1A,21,61,26,Valdez,Valdez,land,flatland,grasslands,continental,0.5,catholic,oyonese,15000,fish,valdez,valdez_province,valdez_area,oyon_region,tousourilea,berlogoes,,,yes,
307,#0C3D1A,12,61,26,Zustant,Valdez,land,hills,woods,continental,,catholic,oyonese,8437,fur,zustant,valdez_province,valdez_area,oyon_region,tousourilea,berlogoes,,,,
308,#0C3D24,12,61,36,Evalestium,Valdez,land,hills,woods,continental,,catholic,oyonese,8437,lumber,evalestium,valdez_province,valdez_area,oyon_region,tousourilea,berlogoes,,,,
309,#10190C,16,25,12,Por'draught,Valdez,land,flatland,sparse,continental,0.1,catholic,oyonese,12000,fish,pordraught,pordraught_province,valdez_area,oyon_region,tousourilea,berlogoes,,,yes,
310,#06190C,6,25,12,Viltanium,Valdez,land,flatland,woods,arctic,0,catholic,oyonese,8437,wild_game,viltanium,pordraught_province,valdez_area,oyon_region,tousourilea,berlogoes,,,yes,
311,#061916,6,25,22,Sandioum,Valdez,land,flatland,woods,arctic,0,catholic,oyonese,8437,sand,sandioum,pordraught_province,valdez_area,oyon_region,tousourilea,berlogoes,,,yes,
312,#051615,5,22,21,Lehitsee,Moria,land,flatland,woods,continental,0,catholic,morian,13500,iron,lehitsee,soremuria_province,soremuria_area,oyon_region,tousourilea,berlogoes,,,yes,
313,#0F1615,15,22,21,Trevana,Moria,land,flatland,woods,continental,,catholic,morian,13500,dyes,trevana,soremuria_province,soremuria_area,oyon_region,tousourilea,berlogoes,,,,
314,#05160B,5,22,11,Soremuria,Moria,land,flatland,grasslands,continental,0,catholic,morian,13500,lumber,soremuria,soremuria_province,soremuria_area,oyon_region,tousourilea,berlogoes,,,yes,
315,#0F160B,15,22,11,Hiroz,Moria,land,flatland,grasslands,continental,0.2,catholic,morian,13500,fish,hiroz,hiroz_province,soremuria_area,oyon_region,tousourilea,berlogoes,,,yes,
316,#092D13,9,45,19,Yiruz,Moria,land,flatland,woods,continental,,catholic,morian,13500,iron,yiruz,hiroz_province,soremuria_area,oyon_region,tousourilea,berlogoes,,,,
317,#132D13,19,45,19,Lourose,Moria,land,flatland,woods,continental,0,catholic,morian,8437,fish,lourose,hiroz_province,soremuria_area,oyon_region,tousourilea,berlogoes,,,yes,
318,#153517,21,53,23,Zapacadonia,Zapacadonia,land,plateau,forest,continental,,catholic,oyonese,8437,stone,zapacadonia,zapacadonia_province,soremuria_area,oyon_region,tousourilea,berlogoes,,,,
319,#0B3517,11,53,23,Oyonuzdial,Zapacadonia,land,hills,forest,continental,,catholic,oyonese,8437,lumber,oyonuzdial,zapacadonia_province,soremuria_area,oyon_region,tousourilea,berlogoes,,,,
320,#0A3015,10,48,21,Galgosta,Zapacadonia,land,hills,woods,continental,,catholic,oyonese,8437,fiber_crops,galgosta,fantarde_province,soremuria_area,oyon_region,tousourilea,berlogoes,,,,
321,#143015,20,48,21,Fantarde,Moria,land,flatland,woods,continental,0,catholic,morian,8437,fur,fantarde,fantarde_province,soremuria_area,oyon_region,tousourilea,berlogoes,,,yes,
322,#707A7A,112,122,122,Namaji,,land,wetlands,forest,continental,0.1,norse,hurgan,500,medicaments,namaji,lasirita_province,relliaj_area,moria_region,tousourilea,berlogoes,,,yes,
323,#7A7A7A,122,122,122,Lasirita,,land,wetlands,forest,continental,,norse,hurgan,500,lumber,lasirita,lasirita_province,relliaj_area,moria_region,tousourilea,berlogoes,,,,
324,#7A707A,122,112,122,Alibaria,Abluzrial,land,flatland,woods,continental,0.1,catholic,rojerrite,10000,fish,alibaria,lasirita_province,relliaj_area,moria_region,tousourilea,berlogoes,,,yes,
325,#777777,119,119,119,Yaikbur,,land,wetlands,forest,continental,,norse,hurgan,300,lumber,yaikbur,relliaj_province,relliaj_area,moria_region,tousourilea,berlogoes,,,,
326,#6D7777,109,119,119,Relliaj,,land,wetlands,forest,continental,,norse,hurgan,600,copper,relliaj,relliaj_province,relliaj_area,moria_region,tousourilea,berlogoes,,,,
327,#727272,114,114,114,Zhepakitani,,land,hills,forest,continental,,norse,hurgan,300,fur,zhepakitani,revar_province,relliaj_area,moria_region,tousourilea,berlogoes,,,,
328,#687272,104,114,114,Revar,,land,flatland,woods,continental,,norse,hurgan,700,fruit,revar,revar_province,relliaj_area,moria_region,tousourilea,berlogoes,,,,
329,#6D636D,109,99,109,Attagianita,Moria,land,wetlands,woods,continental,0.1,catholic,morian,10000,millet,attagianita,attagianita_province,relliaj_area,moria_region,tousourilea,berlogoes,,,yes,
330,#6D6D6D,109,109,109,Trulinita,,land,wetlands,forest,continental,0,norse,hurgan,6000,cocoa,trulinita,attagianita_province,relliaj_area,moria_region,tousourilea,berlogoes,,,yes,
331,#636D6D,99,109,109,Numaika,,land,wetlands,forest,continental,,norse,hurgan,3000,lumber,numaika,attagianita_province,relliaj_area,moria_region,tousourilea,berlogoes,,,,
332,#6D6D60,109,109,96,Adesinza,,land,flatland,forest,continental,,norse,hurgan,300,tin,adesinza,attagianita_province,relliaj_area,moria_region,tousourilea,berlogoes,,,,
333,#757575,117,117,117,Yelurai,,land,hills,forest,continental,,norse,hurgan,300,tin,yelurai,sundarin_province,relliaj_area,moria_region,tousourilea,berlogoes,,,,
334,#6B7575,107,117,117,Merszko,,land,flatland,forest,continental,,norse,hurgan,300,stone,merszko,sundarin_province,relliaj_area,moria_region,tousourilea,berlogoes,,,,
335,#756B75,117,107,117,Sundarin,,land,mountains,forest,continental,,norse,hurgan,100,stone,sundarin,sundarin_province,relliaj_area,moria_region,tousourilea,berlogoes,,,,
338,#616B6B,97,107,107,Eriuke,Cadrokia,land,wetlands,woods,continental,0.1,catholic,morian,18000,legumes,eriuke,eriuke_province,channellands_area,moria_region,tousourilea,berlogoes,,,yes,
339,#6B616B,107,97,107,Mugoisztok,,land,flatland,forest,continental,,norse,hurgan,600,lumber,mugoisztok,eriuke_province,channellands_area,moria_region,tousourilea,berlogoes,,,,
340,#6B6B61,107,107,97,Hajarian,,land,wetlands,forest,continental,0,norse,hurgan,700,fish,hajarian,eriuke_province,channellands_area,moria_region,tousourilea,berlogoes,,,yes,
341,#6B6B6B,107,107,107,Ogtrenza,,land,wetlands,forest,continental,0,norse,hurgan,600,fish,ogtrenza,eriuke_province,channellands_area,moria_region,tousourilea,berlogoes,,,yes,
342,#686868,104,104,104,Liltenita,Aragie,land,flatland,grasslands,continental,0.1,catholic,aragian,10000,fish,liltenita,liltenita_province,channellands_area,moria_region,tousourilea,berlogoes,,,yes,
343,#5E6868,94,104,104,Orovania,,land,flatland,woods,continental,,norse,hurgan,3000,lumber,orovania,liltenita_province,channellands_area,moria_region,tousourilea,berlogoes,,,,
344,#685E68,104,94,104,Zuparia,,land,flatland,woods,continental,,norse,hurgan,1000,coal,zuparia,liltenita_province,channellands_area,moria_region,tousourilea,berlogoes,,,,
345,#666666,102,102,102,Liefsar,,land,flatland,woods,continental,,norse,hurgan,2000,lumber,liefsar,rodzum_province,channellands_area,moria_region,tousourilea,berlogoes,,,,
346,#665C66,102,92,102,Nenio,,land,flatland,woods,continental,,norse,hurgan,1000,lumber,nenio,rodzum_province,channellands_area,moria_region,tousourilea,berlogoes,,,,
347,#5C6666,92,102,102,Rodzum,,land,flatland,forest,continental,,norse,hurgan,300,stone,rodzum,rodzum_province,channellands_area,moria_region,tousourilea,berlogoes,,,,
348,#5E5E5E,94,94,94,Sjhupenet,,land,wetlands,forest,continental,,norse,hurgan,3000,lumber,sjhupenet,sjhupenet_province,channellands_area,moria_region,tousourilea,berlogoes,,,,
349,#545E5E,84,94,94,Wundaire,,land,wetlands,forest,continental,,orthodox,hurgan,2000,copper,wundaire,sjhupenet_province,channellands_area,moria_region,tousourilea,berlogoes,,,,
350,#5E545E,94,84,94,Osoarania,,land,mountains,forest,continental,,orthodox,hurgan,500,iron,osoarania,sjhupenet_province,channellands_area,moria_region,tousourilea,berlogoes,,,,
351,#635963,99,89,99,Ziquarel,,land,flatland,woods,continental,0,orthodox,durninian,2000,wild_game,ziquarel,morana_province,barilee_area,moria_region,tousourilea,berlogoes,,,yes,
352,#636363,99,99,99,Morana,Moria,land,flatland,grasslands,continental,0.2,catholic,morian,18000,tin,morana,morana_province,barilee_area,moria_region,tousourilea,berlogoes,,,yes,
353,#596363,89,99,99,Qeltara,,land,flatland,grasslands,continental,0,orthodox,durninian,3000,lumber,qeltara,morana_province,barilee_area,moria_region,tousourilea,berlogoes,,,yes,
354,#606060,96,96,96,Barilee,Moria,land,flatland,grasslands,continental,0.6,catholic,morian,45000,dyes,barilee,barilee_province,barilee_area,moria_region,tousourilea,berlogoes,,,yes,
355,#566060,86,96,96,Isterare,,land,flatland,sparse,continental,,orthodox,durninian,5000,fiber_crops,isterare,barilee_province,barilee_area,moria_region,tousourilea,berlogoes,,,,
356,#605660,96,86,96,Nurmure,,land,flatland,sparse,continental,0,orthodox,durninian,5000,fish,nurmure,barilee_province,barilee_area,moria_region,tousourilea,berlogoes,,,yes,
357,#565656,86,86,86,Uctonilee,,land,flatland,woods,continental,,orthodox,durninian,2000,pepper,uctonilee,uctonilee_province,barilee_area,moria_region,tousourilea,berlogoes,,,,
358,#4C5656,76,86,86,Qudobel,,land,hills,woods,continental,,orthodox,durninian,500,livestock,qudobel,uctonilee_province,barilee_area,moria_region,tousourilea,berlogoes,,,,
359,#545454,84,84,84,Lamburdia,Cadrokia,land,flatland,sparse,continental,0.25,catholic,morian,6000,tobacco,lamburdia,lamburdia_province,barilee_area,moria_region,tousourilea,berlogoes,,,yes,
360,#4A5454,74,84,84,Herakore,,land,flatland,woods,continental,,orthodox,durninian,3000,wild_game,herakore,lamburdia_province,barilee_area,moria_region,tousourilea,berlogoes,,,,
361,#544A54,84,74,84,Armisture,,land,flatland,sparse,continental,0,orthodox,durninian,5000,salt,armisture,lamburdia_province,barilee_area,moria_region,tousourilea,berlogoes,,,yes,
362,#475151,71,81,81,Capisur,Valdez,land,flatland,woods,continental,0.1,catholic,oyonese,18000,fish,capisur,capisur_province,loganet_area,moria_region,tousourilea,berlogoes,,,yes,
363,#515151,81,81,81,Sarmitchur,,land,flatland,woods,continental,,orthodox,durninian,3000,medicaments,sarmitchur,capisur_province,loganet_area,moria_region,tousourilea,berlogoes,,,,
364,#514751,81,71,81,Desolate Rock,,land,flatland,sparse,arctic,,orthodox,durninian,500,fish,desolate_rock,capisur_province,loganet_area,moria_region,tousourilea,berlogoes,,,yes,
365,#594F59,89,79,89,Cafrin,,land,flatland,forest,continental,,orthodox,durninian,500,maize,cafrin,cafrin_province,loganet_area,moria_region,tousourilea,berlogoes,,,,
366,#4F5959,79,89,89,Yuvanae,,land,hills,forest,continental,,orthodox,durninian,400,fur,yuvanae,cafrin_province,loganet_area,moria_region,tousourilea,berlogoes,,,,
367,#595959,89,89,89,Varianita,,land,hills,forest,continental,,orthodox,durninian,300,livestock,varianita,cafrin_province,loganet_area,moria_region,tousourilea,berlogoes,,,,
368,#454F4F,69,79,79,Apelvil,Emzonia,land,wetlands,woods,continental,0,orthodox,durninian,10000,fruit,apelvil,loganet_province,loganet_area,moria_region,tousourilea,berlogoes,,,yes,
369,#4F4F4F,79,79,79,Loganet,Emzonia,land,flatland,grasslands,continental,0.2,orthodox,durninian,15000,fish,loganet,loganet_province,loganet_area,moria_region,tousourilea,berlogoes,,,yes,
370,#4F454F,79,69,79,Rudrirea,Emzonia,land,flatland,woods,continental,,orthodox,durninian,9000,lumber,rudrirea,loganet_province,loganet_area,moria_region,tousourilea,berlogoes,,,,
371,#515B5B,81,91,91,Demenjel,Emzonia,land,flatland,woods,continental,,orthodox,durninian,9000,beeswax,demenjel,dirilijen_province,loganet_area,moria_region,tousourilea,berlogoes,,,,
372,#5B515B,91,81,91,Dirilijen,Emzonia,land,flatland,forest,continental,,orthodox,durninian,11000,stone,dirilijen,dirilijen_province,loganet_area,moria_region,tousourilea,berlogoes,,,,
373,#5B5B5B,91,91,91,Clarwal,Emzonia,land,mountains,forest,continental,,orthodox,durninian,3000,stone,clarwal,dirilijen_province,loganet_area,moria_region,tousourilea,berlogoes,,,,
375,#807600,128,118,0,Jardelia,Aragie,land,flatland,woods,continental,0.1,catholic,aragian,10000,gems,jardelia,jardelia_province,arivja_area,arivas_region,tousourilea,berlogoes,,,yes,
376,#808000,128,128,0,Haejyer,,land,wetlands,forest,continental,0.2,orthodox,hurgan,1000,beeswax,haejyer,jardelia_province,arivja_area,arivas_region,tousourilea,berlogoes,,,yes,
377,#767600,118,118,0,Grenmihen,,land,flatland,forest,continental,,orthodox,hurgan,500,olives,grenmihen,jardelia_province,arivja_area,arivas_region,tousourilea,berlogoes,,,,
378,#768000,118,128,0,Nivedeltu,,land,flatland,forest,continental,0,orthodox,hurgan,1000,olives,nivedeltu,jardelia_province,arivja_area,arivas_region,tousourilea,berlogoes,,,yes,
379,#6d7700,109,119,0,Zariwekeja,,land,wetlands,forest,continental,0,orthodox,hurgan,600,fruit,zariwekeja,tuviler_province,arivja_area,arivas_region,tousourilea,berlogoes,,,yes,
380,#776d00,119,109,0,Tuviler,,land,wetlands,forest,continental,,orthodox,hurgan,500,olives,tuviler,tuviler_province,arivja_area,arivas_region,tousourilea,berlogoes,,,,
381,#777700,119,119,0,Feirare,,land,wetlands,forest,continental,,orthodox,hurgan,500,elephants,feirare,tuviler_province,arivja_area,arivas_region,tousourilea,berlogoes,,,,
382,#596300,89,99,0,Arivja,,land,hills,woods,continental,,orthodox,hurgan,3000,tin,arivja,arivja_province,arivja_area,arivas_region,tousourilea,berlogoes,,,,
383,#635900,99,89,0,Roscal,,land,hills,forest,continental,,orthodox,hurgan,750,coal,roscal,arivja_province,arivja_area,arivas_region,tousourilea,berlogoes,,,,
384,#636300,99,99,0,Riasefir,,land,wetlands,forest,continental,,orthodox,hurgan,500,lumber,riasefir,arivja_province,arivja_area,arivas_region,tousourilea,berlogoes,,,,
385,#5e6800,94,104,0,Arfie,,land,flatland,woods,continental,,orthodox,hurgan,9000,olives,arfie,arfie_province,maltaka_area,arivas_region,tousourilea,berlogoes,,,yes,
386,#686800,104,104,0,Traadspori,Aragie,land,flatland,grasslands,continental,0.1,catholic,aragian,35000,fish,traadspori,arfie_province,maltaka_area,arivas_region,tousourilea,berlogoes,,,yes,
387,#6d6300,109,99,0,Guin,,land,flatland,woods,continental,0,orthodox,hurgan,9000,legumes,guin,tesdoniya_province,maltaka_area,arivas_region,tousourilea,berlogoes,,,yes,
388,#6d6d00,109,109,0,Tesdoniya,Aragie,land,flatland,grasslands,continental,0.4,catholic,aragian,18000,wool,tesdoniya,tesdoniya_province,maltaka_area,arivas_region,tousourilea,berlogoes,,,yes,
389,#636d00,99,109,0,Saehyeri,Emjai,land,flatland,woods,continental,0,orthodox,hurgan,10000,fish,saehyeri,tesdoniya_province,maltaka_area,arivas_region,tousourilea,berlogoes,,,yes,
390,#687200,104,114,0,Karat,Emjai,land,flatland,forest,continental,,orthodox,hurgan,500,goods_gold,karat,emjai_province,arivja_area,arivas_region,tousourilea,berlogoes,,,,
391,#727200,114,114,0,Lefagire,Emjai,land,flatland,forest,continental,,orthodox,hurgan,500,elephants,lefagire,emjai_province,arivja_area,arivas_region,tousourilea,berlogoes,,,,
392,#726800,114,104,0,Oraibedo,Emjai,land,flatland,forest,continental,,orthodox,hurgan,500,lumber,oraibedo,emjai_province,arivja_area,arivas_region,tousourilea,berlogoes,,,,
393,#5e5e00,94,94,0,Emjai,Emjai,land,hills,forest,continental,,orthodox,hurgan,3000,elephants,emjai,takil_province,maltaka_area,arivas_region,tousourilea,berlogoes,,,,
394,#545e00,84,94,0,Takil,Takil,land,flatland,grasslands,continental,,orthodox,hurgan,15000,ivory,takil,takil_province,maltaka_area,arivas_region,tousourilea,berlogoes,,,,
395,#5e5400,94,84,0,Lerbodo,Hurgan Council,land,flatland,woods,continental,,orthodox,hurgan,9000,livestock,lerbodo,takil_province,maltaka_area,arivas_region,tousourilea,berlogoes,,,,
396,#594f00,89,79,0,Virariv,Maltaka,land,flatland,woods,continental,0.1,orthodox,mozzerellstonese,25000,millet,virariv,gendoggen_province,maltaka_area,arivas_region,tousourilea,berlogoes,,,yes,
397,#4f4f00,79,79,0,Neera,Maltaka,land,flatland,woods,continental,0.1,orthodox,mozzerellstonese,10000,lumber,neera,gendoggen_province,maltaka_area,arivas_region,tousourilea,berlogoes,,,yes,
398,#595900,89,89,0,Hajanea,Hurgan Council,land,hills,woods,continental,,orthodox,hurgan,10000,salt,hajanea,gendoggen_province,maltaka_area,arivas_region,tousourilea,berlogoes,,,,
399,#4f5900,79,89,0,Gendoggen,Maltaka,land,flatland,grasslands,continental,0.2,orthodox,mozzerellstonese,45000,legumes,gendoggen,gendoggen_province,maltaka_area,arivas_region,tousourilea,berlogoes,,,yes,
400,#545400,84,84,0,Hurgan,Hurgan Council,land,flatland,grasslands,continental,,orthodox,hurgan,18000,horses,hurgan,disolue_province,maltaka_area,arivas_region,tousourilea,berlogoes,,,,
401,#544a00,84,74,0,Buraijae,Hurgan Council,land,flatland,grasslands,continental,,orthodox,hurgan,10000,lumber,buraijae,disolue_province,maltaka_area,arivas_region,tousourilea,berlogoes,,,,
402,#4a5400,74,84,0,Disolue,Maltaka,land,flatland,grasslands,continental,0.15,orthodox,mozzerellstonese,25000,incense,disolue,disolue_province,maltaka_area,arivas_region,tousourilea,berlogoes,,,yes,
403,#8c8fad,140,143,173,Daltan,Daltan,land,flatland,grasslands,continental,0.1,orthodox,mozzerellstonese,45000,incense,daltan,mozedel_province,mozedel_area,mozze_region,tousourilea,berlogoes,,,yes,
404,#968fad,150,143,173,Mozedel,Mozedel,land,wetlands,woods,continental,0,orthodox,mozzerellstonese,25000,fish,mozedel,mozedel_province,mozedel_area,mozze_region,tousourilea,berlogoes,,,yes,
405,#9a94b2,154,148,178,Prusi,Prusi,land,flatland,grasslands,continental,0.1,orthodox,mozzerellstonese,40000,saltpeter,prusi,prusi_province,mozedel_area,mozze_region,tousourilea,berlogoes,,,yes,
406,#8f94b2,143,148,178,Opaniel,Opaniel,land,wetlands,woods,continental,0.1,orthodox,mozzerellstonese,25000,maize,opaniel,prusi_province,mozedel_area,mozze_region,tousourilea,berlogoes,,,yes,
407,#a39cbc,163,156,188,Midelion,Midelion,land,flatland,farmlands,continental,0.2,orthodox,mozzerellstonese,60000,dyes,midelion,midelion_province,mozedel_area,mozze_region,tousourilea,berlogoes,,,yes,
408,#9da0c1,157,160,193,Maltaka,Maltaka,land,flatland,farmlands,continental,0.25,orthodox,mozzerellstonese,67500,silk,maltaka,maltaka_province,mozedel_area,mozze_region,tousourilea,berlogoes,,,yes,
409,#999cbc,153,156,188,Cisnporia,Cisnporia,land,wetlands,woods,continental,,orthodox,mozzerellstonese,37500,fish,cisnporia,midelion_province,mozedel_area,mozze_region,tousourilea,berlogoes,,,yes,
410,#9598b7,149,152,183,Altava,Irvoran,land,flatland,grasslands,continental,,orthodox,mozzerellstonese,37500,tea,altava,legion_province,mozedel_area,mozze_region,tousourilea,berlogoes,,,yes,
411,#9f98b7,159,152,183,Dihelion,Legion,land,flatland,grasslands,continental,,orthodox,mozzerellstonese,10000,maize,dihelion,legion_province,mozedel_area,mozze_region,tousourilea,berlogoes,,,yes,
412,#9f8eb7,159,142,183,Lejhion,Legion,land,flatland,farmlands,continental,0.5,orthodox,mozzerellstonese,67500,alum,legion,legion_province,mozedel_area,mozze_region,tousourilea,berlogoes,,,yes,
413,#a796c1,167,150,193,Imisl,Imisl,land,flatland,grasslands,continental,0.1,orthodox,mozzerellstonese,50000,fiber_crops,imisl,maltaka_province,mozedel_area,mozze_region,tousourilea,berlogoes,,,yes,
414,#a7a0b7,167,160,183,Marsmit,Marsmit,land,flatland,grasslands,continental,,orthodox,mozzerellstonese,37500,maize,marsmit,maltaka_province,mozedel_area,mozze_region,tousourilea,berlogoes,,,yes,
415,#a7a0c1,167,160,193,Virealt,Maltaka,land,wetlands,grasslands,continental,,orthodox,mozzerellstonese,15000,maize,virealt,maltaka_province,mozedel_area,mozze_region,tousourilea,berlogoes,,,yes,
416,#a2a5c6,162,165,198,Mertale,Hurgan Council,land,flatland,grasslands,continental,,orthodox,hurgan,9000,maize,mertale,hurgania_province,mozze_area,mozze_region,tousourilea,berlogoes,,,,
417,#ac98c6,172,152,198,Celdar,Hurgan Council,land,flatland,sparse,continental,,orthodox,hurgan,1000,lead,celdar,hurgania_province,mozze_area,mozze_region,tousourilea,berlogoes,,,,
418,#aca5c6,172,165,198,Daritoni,Hurgan Council,land,flatland,sparse,continental,,orthodox,hurgan,3500,coal,daritoni,hurgania_province,mozze_area,mozze_region,tousourilea,berlogoes,,,,
419,#a6a9cc,166,169,204,Litijan,Hurgan Council,land,flatland,sparse,continental,,orthodox,hurgan,3800,mercury,litijan,litijan_province,mozze_area,mozze_region,tousourilea,berlogoes,,,,
420,#b5add1,181,173,209,Teliputani,,land,flatland,desert,continental,,orthodox,hurgan,500,sand,teliputani,hasper_province,mozze_area,mozze_region,tousourilea,berlogoes,,,,
421,#abadd1,171,173,209,Hasper,,land,hills,sparse,continental,,orthodox,hurgan,800,fruit,hasper,hasper_province,mozze_area,mozze_region,tousourilea,berlogoes,,,,
422,#beb6db,190,182,219,Pelire,,land,flatland,sparse,continental,,orthodox,hurgan,500,lead,pelire,ochlini_province,mozze_area,mozze_region,tousourilea,berlogoes,,,,
423,#b8bae0,184,186,224,Ochlini,,land,flatland,sparse,continental,,orthodox,hurgan,900,sand,ochlini,ochlini_province,mozze_area,mozze_region,tousourilea,berlogoes,,,,
424,#c8bfe7,200,191,231,Resegru,Mozzerellston,land,flatland,grasslands,continental,,orthodox,mozzerellstonese,10000,maize,resegru,moserelston_province,mozze_area,mozze_region,tousourilea,berlogoes,,,,
425,#c8b5e7,200,181,231,Fulatent,Mozzerellston,land,flatland,grasslands,continental,,orthodox,mozzerellstonese,10000,maize,fulatent,moserelston_province,mozze_area,mozze_region,tousourilea,berlogoes,,,,
426,#bebfe7,190,191,231,Moserelston,Mozzerellston,land,flatland,farmlands,continental,,orthodox,mozzerellstonese,100000,livestock,moserelston,moserelston_province,mozze_area,mozze_region,tousourilea,berlogoes,,,,
430,#31ccf7,49,204,247,Bishkhuntel,Bishkhuntel,land,flatland,grasslands,continental,0.15,orthodox,mozzerellstonese,50000,fish,bishkhuntel,bishkhuntel_province,eburia_area,deliree_region,kaltic,berlogoes,,,yes,
431,#32c8ff,50,200,255,Marpelia,Bishkhuntel,land,flatland,grasslands,continental,0.1,orthodox,mozzerellstonese,37500,dyes,marpelia,bishkhuntel_province,eburia_area,deliree_region,kaltic,berlogoes,,,yes,
432,#32d2ff,50,210,255,Sureeania,Bishkhuntel,land,flatland,grasslands,continental,,orthodox,mozzerellstonese,12500,medicaments,sureeania,bishkhuntel_province,eburia_area,deliree_region,kaltic,berlogoes,,,,
433,#2fbcef,47,188,239,Tragis'traton,Eburia,land,hills,woods,continental,0,orthodox,pyrtonian,9000,iron,tragistraton,eburia_province,eburia_area,deliree_region,kaltic,berlogoes,,,yes,
434,#2fc6ef,47,198,239,Etun,Eburia,land,flatland,woods,continental,,orthodox,pyrtonian,5000,stone,etun,eburia_province,eburia_area,deliree_region,kaltic,berlogoes,,,,
435,#2fc6e5,47,198,229,Eburiel,Eburia,land,flatland,grasslands,continental,0.1,orthodox,pyrtonian,35000,horses,eburiel,eburia_province,eburia_area,deliree_region,kaltic,berlogoes,,,yes,
436,#2eb7ea,46,183,234,Deliree,Pyrtodeliree,land,flatland,grasslands,continental,0.1,orthodox,pyrtonian,19000,wine,deliree,deliree_province,deliree_area,deliree_region,kaltic,berlogoes,,,yes,
437,#2ec1ea,46,193,234,Triltikan,Pyrtodeliree,land,flatland,woods,continental,,orthodox,pyrtonian,8000,millet,triltikan,deliree_province,deliree_area,deliree_region,kaltic,berlogoes,,,yes,
438,#2dbde5,45,189,229,Novopyrdonia,Pyrtodeliree,land,flatland,grasslands,continental,0.5,orthodox,pyrtonian,38000,wine,novopyrdonia,novopyrdonia_province,deliree_area,deliree_region,kaltic,berlogoes,,,yes,
439,#2dbddb,45,189,219,Alzakan,Pyrtodeliree,land,flatland,woods,continental,0,orthodox,pyrtonian,9000,fish,alzakan,novopyrdonia_province,deliree_area,deliree_region,kaltic,berlogoes,,,yes,
440,#2db3e5,45,179,229,Desirzekan,Pyrtodeliree,land,flatland,woods,continental,0,orthodox,pyrtonian,18000,pearls,desirzekan,novopyrdonia_province,deliree_area,deliree_region,kaltic,berlogoes,,,yes,
441,#2cafe0,44,175,224,Filgahat,Kivuni,land,hills,woods,continental,,orthodox,mozzerellstonese,5000,lumber,filgahat,nativalle_province,eburia_area,deliree_region,kaltic,berlogoes,,,,
442,#2cafd6,44,175,214,Kivuni,Kivuni,land,hills,woods,continental,,orthodox,mozzerellstonese,10000,copper,kivuni,nativalle_province,eburia_area,deliree_region,kaltic,berlogoes,,,,
443,#2cb9e0,44,185,224,Nativalle,Irvoran,land,wetlands,woods,continental,0,orthodox,mozzerellstonese,18000,stone,nativalle,nativalle_province,eburia_area,deliree_region,kaltic,berlogoes,,,yes,
444,#2bb5db,43,181,219,Daerael,,land,wetlands,woods,continental,0.1,orthodox,durninian,10000,lumber,daerael,poreeo_province,deliree_area,deliree_region,kaltic,berlogoes,,,yes,
445,#2babdb,43,171,219,Poreeo,,land,wetlands,grasslands,continental,0.1,orthodox,durninian,12500,wine,poreeo,poreeo_province,deliree_area,deliree_region,kaltic,berlogoes,,,yes,
446,#2babd1,43,171,209,Pirotivunia,,land,wetlands,woods,continental,0,orthodox,durninian,8000,fish,pirotivunia,poreeo_province,deliree_area,deliree_region,kaltic,berlogoes,,,yes,
447,#2ab1d6,42,177,214,Keoul,Keoul,land,flatland,grasslands,continental,0.1,orthodox,durninian,15000,tea,keoul,keoul_province,deliree_area,deliree_region,kaltic,berlogoes,,,yes,
448,#2ab1cc,42,177,204,Borearia,,land,flatland,sparse,continental,0,orthodox,durninian,500,salt,borearia,keoul_province,deliree_area,deliree_region,kaltic,berlogoes,,,yes,
449,#29a2d1,41,162,209,Gilderian,Pyrtodeliree,land,flatland,grasslands,continental,0,orthodox,pyrtonian,5000,fish,gilderian,upper_delireeans_province,deliree_area,deliree_region,kaltic,berlogoes,,,yes,
450,#289ecc,40,158,204,Ispagaria,Pyrtodeliree,land,flatland,grasslands,continental,0,orthodox,pyrtonian,8000,pearls,ispagaria,lower_delireeans_province,deliree_area,deliree_region,kaltic,berlogoes,,,yes,
451,#28a8cc,40,168,204,Sabanita,Pyrtodeliree,land,flatland,grasslands,continental,0,orthodox,pyrtonian,5000,cocoa,sabanita,lower_delireeans_province,deliree_area,deliree_region,kaltic,berlogoes,,,yes,
452,#29acd1,41,172,209,Wunay,Pyrtodeliree,land,flatland,grasslands,continental,0,orthodox,pyrtonian,5000,cocoa,wunay,upper_delireeans_province,deliree_area,deliree_region,kaltic,berlogoes,,,yes,
453,#ef7b27,239,123,39,Irvoran,Irvoran,land,flatland,grasslands,continental,0,orthodox,mozzerellstonese,50000,livestock,irvoran,irvoran_province,legion_area,durninia_region,tousourilea,berlogoes,,,yes,
454,#f97b27,249,123,39,Nurdvaltika,Irvoran,land,flatland,woods,continental,0,orthodox,mozzerellstonese,10000,maize,nurdvaltika,irvoran_province,legion_area,durninia_region,tousourilea,berlogoes,,,yes,
455,#f97127,249,113,39,Sluilnia,,land,flatland,woods,continental,0,orthodox,durninian,8500,maize,sluilnia,irvoran_province,legion_area,durninia_region,tousourilea,berlogoes,,,yes,
456,#e57124,229,113,36,Leshcorenso,Leshcorenso,land,flatland,grasslands,continental,0.1,orthodox,durninian,27500,coal,leshcorenso,leshcorenso_province,legion_area,durninia_region,tousourilea,berlogoes,,,yes,
457,#e56724,229,103,36,Aiveapria,Leshcorenso,land,plateau,grasslands,continental,,orthodox,durninian,10000,fruit,aiveapria,leshcorenso_province,legion_area,durninia_region,tousourilea,berlogoes,,,,
458,#f47927,244,121,39,Batarepli,Legion,land,flatland,grasslands,continental,,orthodox,mozzerellstonese,10000,livestock,batarepli,imisl_province,legion_area,durninia_region,tousourilea,berlogoes,,,,
459,#ea7927,234,121,39,Smaldrea,Legion,land,plateau,grasslands,continental,,orthodox,mozzerellstonese,10000,livestock,smaldrea,imisl_province,legion_area,durninia_region,tousourilea,berlogoes,,,,
460,#e57626,229,118,38,Pellerita,Semativia,land,flatland,sparse,continental,,orthodox,mozzerellstonese,7500,maize,pellerita,pellerita_province,legion_area,durninia_region,tousourilea,berlogoes,,,,
461,#ef7626,239,118,38,Semativia,Semativia,land,flatland,grasslands,continental,,orthodox,mozzerellstonese,37500,livestock,semativia,pellerita_province,legion_area,durninia_region,tousourilea,berlogoes,,,,
462,#e07425,224,116,37,Dsingou,Mozzerellston,land,plateau,grasslands,continental,,orthodox,mozzerellstonese,7000,stone,dsingou,curminia_province,batrasid_area,durninia_region,tousourilea,berlogoes,,,,
463,#ea6a25,234,106,37,Curminia,Mozzerellston,land,plateau,grasslands,continental,,orthodox,mozzerellstonese,9000,pepper,curminia,curminia_province,batrasid_area,durninia_region,tousourilea,berlogoes,,,,
464,#ea7425,234,116,37,Nofileah,Mozzerellston,land,flatland,grasslands,continental,,orthodox,mozzerellstonese,7000,lumber,nofileah,curminia_province,batrasid_area,durninia_region,tousourilea,berlogoes,,,,
465,#db6c23,219,108,35,Zardiare,,land,plateau,grasslands,continental,,orthodox,durninian,2000,livestock,zardiare,luralilea_province,batrasid_area,durninia_region,tousourilea,berlogoes,,,,
466,#db6c19,219,108,25,Luralilea,,land,plateau,grasslands,continental,,orthodox,durninian,2000,livestock,luralilea,luralilea_province,batrasid_area,durninia_region,tousourilea,berlogoes,,,,
467,#d16c23,209,108,35,Vurialne,,land,plateau,sparse,continental,,orthodox,durninian,2000,livestock,vurialne,luralilea_province,batrasid_area,durninia_region,tousourilea,berlogoes,,,,
468,#db6223,219,98,35,Ouikiok,,land,flatland,sparse,continental,,orthodox,durninian,2000,livestock,ouikiok,luralilea_province,batrasid_area,durninia_region,tousourilea,berlogoes,,,,
469,#d66f23,214,111,35,Hayanea,,land,wetlands,grasslands,continental,0,orthodox,durninian,7000,lumber,hayanea,batras_province,batrasid_area,durninia_region,tousourilea,berlogoes,,,yes,
470,#e06f23,224,111,35,Shairkae,,land,flatland,sparse,continental,0,orthodox,durninian,6000,fiber_crops,shairkae,batras_province,batrasid_area,durninia_region,tousourilea,berlogoes,,,yes,
471,#e06f19,224,111,25,Diryan,,land,flatland,sparse,continental,,orthodox,durninian,2000,maize,diryan,batras_province,batrasid_area,durninia_region,tousourilea,berlogoes,,,,
472,#e06523,224,101,35,Batras,Durnia,land,flatland,grasslands,continental,0.25,orthodox,durninian,15000,livestock,batras,batras_province,batrasid_area,durninia_region,tousourilea,berlogoes,,,yes,
473,#cc6a22,204,106,34,Spikibil,Mozzerellston,land,flatland,grasslands,continental,,orthodox,mozzerellstonese,5000,livestock,spikibil,bailshe_province,batrasid_area,durninia_region,tousourilea,berlogoes,,,,
474,#d66022,214,96,34,Ritimea,Mozzerellston,land,plateau,grasslands,continental,,orthodox,mozzerellstonese,2000,maize,ritimea,bailshe_province,batrasid_area,durninia_region,tousourilea,berlogoes,,,,
475,#d66a22,214,106,34,Bailshe,Mozzerellston,land,plateau,grasslands,continental,,orthodox,mozzerellstonese,2000,tin,bailshe,bailshe_province,batrasid_area,durninia_region,tousourilea,berlogoes,,,,
476,#c76721,199,103,33,Tereuol,Durnia,land,flatland,sparse,continental,0,orthodox,durninian,9000,fish,tereuol,tereuol_province,durnia_area,durninia_region,tousourilea,berlogoes,,,yes,
477,#d16721,209,103,33,Lamenuil,Durnia,land,flatland,sparse,continental,0,orthodox,durninian,4000,livestock,lamenuil,tereuol_province,durnia_area,durninia_region,tousourilea,berlogoes,,,yes,
478,#cc5b20,204,91,32,Yarlean,,land,flatland,sparse,continental,,orthodox,durninian,4000,lumber,yarlean,respite_province,durnia_area,durninia_region,tousourilea,berlogoes,,,,
479,#c26520,194,101,32,Respite,,land,flatland,grasslands,continental,,orthodox,durninian,15000,lumber,respite,respite_province,durnia_area,durninia_region,tousourilea,berlogoes,,,,
480,#cc6520,204,101,32,Derzek,,land,flatland,grasslands,continental,,orthodox,durninian,4000,wild_game,derzek,respite_province,durnia_area,durninia_region,tousourilea,berlogoes,,,,
481,#bc5d14,188,93,20,Kyrato,Durnia,land,flatland,grasslands,continental,0.5,orthodox,durninian,25000,millet,kyrato,kyrato_province,durnia_area,durninia_region,tousourilea,berlogoes,,,yes,
482,#bc5d1e,188,93,30,Bahadria,,land,flatland,sparse,continental,0,orthodox,durninian,8000,fish,bahadria,kyrato_province,durnia_area,durninia_region,tousourilea,berlogoes,,,yes,
483,#bc531e,188,83,30,Tomastria,,land,flatland,sparse,continental,0,orthodox,durninian,7500,livestock,tomastria,kyrato_province,durnia_area,durninia_region,tousourilea,berlogoes,,,yes,
484,#ad5b1d,173,91,29,Mahomier,,land,flatland,sparse,arctic,0.15,orthodox,durninian,10000,lumber,mahomier,mahomier_province,durnia_area,durninia_region,tousourilea,berlogoes,,,yes,
485,#b75b1d,183,91,29,Volinidier,,land,flatland,sparse,arctic,0,orthodox,durninian,750,fish,volinidier,mahomier_province,durnia_area,durninia_region,tousourilea,berlogoes,,,yes,
486,#b7511d,183,81,29,Atpust,,land,flatland,sparse,arctic,0.1,orthodox,durninian,1000,fish,atpust,mahomier_province,durnia_area,durninia_region,tousourilea,berlogoes,,,yes,
487,#b7601f,183,96,31,Emzonia,Emzonia,land,flatland,woods,continental,0,orthodox,durninian,15900,amber,emzonia,emzonia_province,emzonia_area,durninia_region,tousourilea,berlogoes,,,yes,
488,#bc621f,188,98,31,Kulonys,,land,plateau,sparse,continental,,orthodox,durninian,2000,fur,kulonys,yarlean_province,emzonia_area,durninia_region,tousourilea,berlogoes,,,,
489,#c6621f,198,98,31,Depitys,,land,plateau,sparse,continental,,orthodox,durninian,2000,fur,yarlean,yarlean_province,emzonia_area,durninia_region,tousourilea,berlogoes,,,,
490,#b2581c,178,88,28,Djami,,land,plateau,sparse,continental,,orthodox,durninian,1500,wild_game,djami,sapurf_province,emzonia_area,durninia_region,tousourilea,berlogoes,,,,
491,#a8581c,168,88,28,Sapurf,,land,plateau,woods,continental,,orthodox,durninian,3750,fiber_crops,sapurf,sapurf_province,emzonia_area,durninia_region,tousourilea,berlogoes,,,,
492,#c1601f,193,96,31,Denellest,,land,plateau,sparse,continental,,orthodox,durninian,1700,livestock,denellest,emzonia_province,emzonia_area,durninia_region,tousourilea,berlogoes,,,,
493,#a8491a,168,73,26,Dekark,,land,plateau,woods,continental,,orthodox,durninian,500,livestock,dekark,stuniper_province,emzonia_area,durninia_region,tousourilea,berlogoes,,,,
494,#a8531a,168,83,26,Stuniper,,land,plateau,sparse,continental,,orthodox,durninian,700,livestock,stuniper,stuniper_province,emzonia_area,durninia_region,tousourilea,berlogoes,,,,
495,#9e531a,158,83,26,Brishan,,land,plateau,sparse,continental,,orthodox,durninian,500,fiber_crops,brishan,stuniper_province,emzonia_area,durninia_region,tousourilea,berlogoes,,,,
496,#ad561b,173,86,27,Hafsline,,land,plateau,sparse,continental,,orthodox,durninian,3750,livestock,hafsline,nitinien_province,emzonia_area,durninia_region,tousourilea,berlogoes,,,,
497,#a3561b,163,86,27,Nitinien,,land,plateau,sparse,continental,,orthodox,durninian,3500,maize,nitinien,nitinien_province,emzonia_area,durninia_region,tousourilea,berlogoes,,,,
498,#f57f27,245,127,39,Abigru,,land,flatland,grasslands,continental,,orthodox,durninian,3000,livestock,abigru,erpiela_province,emzonia_area,durninia_region,tousourilea,berlogoes,,,,
499,#ff7f27,255,127,39,Aivpiela,,land,plateau,sparse,continental,,orthodox,durninian,2000,fiber_crops,aivpiela,erpiela_province,emzonia_area,durninia_region,tousourilea,berlogoes,,,,
500,#ff7527,255,117,39,Erpiela,,land,flatland,grasslands,continental,,orthodox,durninian,10000,maize,erpiela,erpiela_province,emzonia_area,durninia_region,tousourilea,berlogoes,,,,
501,#3e47ca,62,71,202,Viliton,,land,flatland,woods,continental,0,orthodox,dennisite,250,legumes,viliton,sindarion_province,luvit_area,luvit_region,auteka,berlogoes,,,yes,
502,#a3501a,163,80,26,Precara,,land,flatland,sparse,continental,0,orthodox,durninian,2000,fish,precara,precara_province,durnia_area,durninia_region,tousourilea,berlogoes,,,yes,
503,#99501a,153,80,26,Vodvepe,,land,flatland,sparse,continental,0,orthodox,durninian,500,pearls,vodvepe,precara_province,durnia_area,durninia_region,tousourilea,berlogoes,,,yes,
504,#f9c30e,249,195,14,Delivar,Pyrtodominicus,land,flatland,grasslands,continental,0,orthodox,pyrtonian,7500,legumes,delivar,selvato_province,pyrtodominicus_area,dominicus_region,kaltic,berlogoes,,,yes,
505,#f9b90e,249,185,14,Selvato,Pyrtodominicus,land,flatland,woods,continental,0.25,orthodox,pyrtonian,11250,pearls,selvato,selvato_province,pyrtodominicus_area,dominicus_region,kaltic,berlogoes,,,yes,
506,#efc30e,239,195,14,Reitaton,Pyrtodominicus,land,flatland,grasslands,continental,0,orthodox,pyrtonian,8437,fish,reitaton,selvato_province,pyrtodominicus_area,dominicus_region,kaltic,berlogoes,,,yes,
507,#eabf0e,234,191,14,Riodelato,Pyrtodominicus,land,flatland,woods,continental,0,orthodox,pyrtonian,8437,fish,riodelato,malariato_province,pyrtodominicus_area,dominicus_region,kaltic,berlogoes,,,yes,
508,#f4b50e,244,181,14,Malariato,Pyrtodominicus,land,flatland,grasslands,continental,0.25,orthodox,pyrtonian,12500,medicaments,malariato,malariato_province,pyrtodominicus_area,dominicus_region,kaltic,berlogoes,,,yes,
509,#f4bf0e,244,191,14,Whianto,Pyrtodominicus,land,flatland,grasslands,continental,0,orthodox,pyrtonian,8437,legumes,whianto,malariato_province,pyrtodominicus_area,dominicus_region,kaltic,berlogoes,,,yes,
510,#efbb0e,239,187,14,Baelito,Pyrtodominicus,land,flatland,woods,continental,0,orthodox,pyrtonian,8437,salt,baelito,pyrtovia_province,pyrtodominicus_area,dominicus_region,kaltic,berlogoes,,,yes,
511,#efb10e,239,177,14,Qidelsif,Pyrtodominicus,land,hills,forest,continental,,orthodox,pyrtonian,7500,wild_game,qidelsif,pyrtovia_province,pyrtodominicus_area,dominicus_region,kaltic,berlogoes,,,,
512,#e5bb0e,229,187,14,Pyrtovia,Pyrtodominicus,land,flatland,grasslands,continental,0,orthodox,pyrtonian,11250,maize,pyrtovia,pyrtovia_province,pyrtodominicus_area,dominicus_region,kaltic,berlogoes,,,yes,
513,#f5c90e,245,201,14,Man Khalbar,Pyrtodominicus,land,flatland,grasslands,continental,1,orthodox,pyrtonian,50000,fish,man_khalbar,man_khalbar_province,pyrtonuvia_area,dominicus_region,kaltic,berlogoes,,,yes,
514,#ffbf0e,255,191,14,Khalibar,Pyrtonuvia,land,flatland,grasslands,continental,0,orthodox,pyrtonian,11250,legumes,khalibar,man_khalbar_province,pyrtonuvia_area,dominicus_region,kaltic,berlogoes,,,yes,
515,#ffc90e,255,201,14,Sinispaf,Pyrtonuvia,land,hills,woods,continental,,orthodox,pyrtonian,7500,lumber,sinispaf,man_khalbar_province,pyrtonuvia_area,dominicus_region,kaltic,berlogoes,,,,
516,#dbb30d,219,179,13,Nuviar,Pyrtonuvia,land,flatland,woods,continental,0,orthodox,pyrtonian,7500,lumber,nuviar,sucalbar_province,pyrtonuvia_area,dominicus_region,kaltic,berlogoes,,,yes,
517,#e5a90d,229,169,13,Hoibakar,Pyrtonuvia,land,flatland,grasslands,continental,0,orthodox,pyrtonian,11250,iron,hoibakar,sucalbar_province,pyrtonuvia_area,dominicus_region,kaltic,berlogoes,,,yes,
518,#e5b30d,229,179,13,Sucalbar,Pyrtonuvia,land,flatland,woods,continental,0,orthodox,pyrtonian,7500,rice,sucalbar,sucalbar_province,pyrtonuvia_area,dominicus_region,kaltic,berlogoes,,,yes,
519,#e0a50d,224,165,13,Vyen,Tresia,land,flatland,grasslands,continental,0.1,orthodox,pyrtonian,9000,maize,vyen,tugovyta_province,pyrtodeliree_area,dominicus_region,kaltic,berlogoes,,,yes,
520,#d6af0d,214,175,13,Aesfita,Pyrtodeliree,land,flatland,woods,continental,0,orthodox,pyrtonian,8437,fish,aesfita,tugovyta_province,pyrtodeliree_area,dominicus_region,kaltic,berlogoes,,,yes,
521,#e0af0d,224,175,13,Tugovyta,Tresia,land,flatland,grasslands,continental,0.25,orthodox,pyrtonian,10000,rice,tugovyta,tugovyta_province,pyrtodeliree_area,dominicus_region,kaltic,berlogoes,,,yes,
522,#e0b70e,224,183,14,Undrivita,Pyrtodeliree,land,hills,woods,continental,,orthodox,pyrtonian,5000,lumber,undrivita,manjabar_province,pyrtonuvia_area,dominicus_region,kaltic,berlogoes,,,,
523,#eab70e,234,183,14,Manjabar,Pyrtodeliree,land,plateau,forest,continental,,orthodox,pyrtonian,5000,stone,manjabar,manjabar_province,pyrtonuvia_area,dominicus_region,kaltic,berlogoes,,,,
524,#dbab0d,219,171,13,Rekirita,Pyrtodeliree,land,hills,woods,continental,,orthodox,pyrtonian,8437,lumber,rekirita,rekirita_province,pyrtodeliree_area,dominicus_region,kaltic,berlogoes,,,,
525,#d1ab0d,209,171,13,Pouedeli,Pyrtodeliree,land,flatland,woods,continental,0,orthodox,pyrtonian,6700,fruit,pouedeli,rekirita_province,pyrtodeliree_area,dominicus_region,kaltic,berlogoes,,,yes,
526,#d69d0c,214,157,12,Balurita,Pyrtodeliree,land,flatland,grasslands,continental,0.1,orthodox,pyrtonian,9000,maize,balurita,balurita_province,pyrtodeliree_area,dominicus_region,kaltic,berlogoes,,,yes,
527,#d6a70c,214,167,12,Dominivar,Pyrtodeliree,land,flatland,woods,continental,0,orthodox,pyrtonian,8437,fish,dominivar,balurita_province,pyrtodeliree_area,dominicus_region,kaltic,berlogoes,,,yes,
528,#cca70c,204,167,12,Uriquyta,Pyrtodeliree,land,flatland,woods,continental,0,orthodox,pyrtonian,8437,rice,uriquyta,balurita_province,pyrtodeliree_area,dominicus_region,kaltic,berlogoes,,,yes,
529,#5db75d,93,183,93,Madhalin,Tresia,land,flatland,grasslands,continental,0.1,orthodox,tresian,8437,dyes,madhalin,madhalin_province,nuvia_area,nuvanviut_region,kaltic,berlogoes,,,yes,
530,#53b75d,83,183,93,Malori,Tresia,land,flatland,grasslands,continental,0,orthodox,tresian,6750,fruit,malori,madhalin_province,nuvia_area,nuvanviut_region,kaltic,berlogoes,,,yes,
531,#7ff97f,127,249,127,Uilbiria,Tresia,land,flatland,grasslands,continental,0,orthodox,tresian,8437,rice,uilbiria,tresia_province,nuvia_area,nuvanviut_region,kaltic,berlogoes,,,yes,
532,#75f97f,117,249,127,Tresia,Tresia,land,flatland,grasslands,continental,0.75,orthodox,tresian,11000,gems,tresia,tresia_province,nuvia_area,nuvanviut_region,kaltic,berlogoes,,,yes,
533,#7ff975,127,249,117,Doesenia,Tresia,land,hills,woods,continental,,orthodox,tresian,6750,wild_game,doesenia,tresia_province,nuvia_area,nuvanviut_region,kaltic,berlogoes,,,,
534,#75f975,117,249,117,Rikea,Tresia,land,flatland,woods,continental,0,orthodox,tresian,8437,fish,rikea,tresia_province,nuvia_area,nuvanviut_region,kaltic,berlogoes,,,yes,
535,#7aef70,122,239,112,Parkia,Tresia,land,flatland,grasslands,continental,0.5,orthodox,tresian,9000,rice,parkia,parkia_province,nuvia_area,nuvanviut_region,kaltic,berlogoes,,,yes,
536,#7aef7a,122,239,122,Trasilne,Tresia,land,flatland,grasslands,continental,,orthodox,tresian,8437,legumes,trasilne,parkia_province,nuvia_area,nuvanviut_region,kaltic,berlogoes,,,,
537,#70ef7a,112,239,122,Orblisu,Tresia,land,hills,woods,continental,,orthodox,tresian,6750,stone,orblisu,parkia_province,nuvia_area,nuvanviut_region,kaltic,berlogoes,,,,
538,#6dea77,109,234,119,Polovia,Nuvanviut,land,flatland,grasslands,continental,0.1,orthodox,tresian,9642,fiber_crops,polovia,nuvia_province,nuvia_area,nuvanviut_region,kaltic,berlogoes,,,yes,
539,#77ea77,119,234,119,Pleferiat,Nuvanviut,land,flatland,grasslands,continental,0,orthodox,nuvian,9642,fish,pleferiat,nuvia_province,nuvia_area,nuvanviut_region,kaltic,berlogoes,,,yes,
540,#77ea6d,119,234,109,Nuvia,Nuvanviut,land,flatland,grasslands,continental,0.25,orthodox,nuvian,9642,fruit,nuvia,nuvia_province,nuvia_area,nuvanviut_region,kaltic,berlogoes,,,yes,
541,#75e575,117,229,117,Ediundeles,Nuvanviut,land,hills,woods,continental,,orthodox,nuvian,9642,copper,ediundeles,ogaliut_province,nuvia_area,nuvanviut_region,kaltic,berlogoes,,,,
542,#6be575,107,229,117,Ogaliut,Nuvanviut,land,flatland,grasslands,continental,0,orthodox,nuvian,9642,lumber,ogaliut,ogaliut_province,nuvia_area,nuvanviut_region,kaltic,berlogoes,,,yes,
543,#76ff80,118,255,128,Nuvanvi,Nuvanviut,land,flatland,grasslands,continental,0.5,orthodox,nuvian,12500,salt,nuvanvi,nuvanvi_province,nuvia_area,nuvanviut_region,kaltic,berlogoes,,,yes,
544,#80ff80,128,255,128,Vanesial,Nuvanviut,land,flatland,woods,continental,,orthodox,nuvian,9642,marble,vanesial,nuvanvi_province,nuvia_area,nuvanviut_region,kaltic,berlogoes,,,,
545,#80ff76,128,255,118,Quitada,Nuvanviut,land,flatland,woods,continental,,orthodox,nuvian,9642,fruit,quitada,nuvanvi_province,nuvia_area,nuvanviut_region,kaltic,berlogoes,,,,
546,#7cf47c,124,244,124,Artisape,Artisape,land,hills,forest,continental,,orthodox,tresian,6750,lumber,artisape,artisape_province,nuvia_area,nuvanviut_region,kaltic,berlogoes,,,,
547,#72f47c,114,244,124,Rielesan,Artisape,land,hills,forest,continental,,orthodox,tresian,6750,lumber,rielesan,artisape_province,nuvia_area,nuvanviut_region,kaltic,berlogoes,,,,
548,#72e072,114,224,114,Zekernya,Nuvanviut,land,flatland,grasslands,continental,0.6,orthodox,nuvian,11111,gems,zekernya,zekernya_province,anovia_area,nuvanviut_region,kaltic,berlogoes,,,yes,
549,#72e068,114,224,104,Coleab,Nuvanviut,land,flatland,grasslands,continental,0,orthodox,nuvian,9642,lumber,coleab,zekernya_province,anovia_area,nuvanviut_region,kaltic,berlogoes,,,yes,
550,#68e072,104,224,114,Zydos,Nuvanviut,land,flatland,woods,continental,,orthodox,nuvian,8437,stone,zydos,zekernya_province,anovia_area,nuvanviut_region,kaltic,berlogoes,,,,
551,#65db6f,101,219,111,Haigonel,Zuneria,land,flatland,woods,continental,0.1,orthodox,tikolan,7692,fish,haigonel,zuneria_province,anovia_area,nuvanviut_region,kaltic,berlogoes,,,yes,
552,#6fdb6f,111,219,111,Zuneria,Zuneria,land,flatland,woods,continental,0,orthodox,tikolan,8437,rice,zuneria,zuneria_province,anovia_area,nuvanviut_region,kaltic,berlogoes,,,yes,
553,#6fdb65,111,219,101,Nushin,Zuneria,land,flatland,sparse,continental,0,orthodox,tikolan,7692,fruit,nushin,zuneria_province,anovia_area,nuvanviut_region,kaltic,berlogoes,,,yes,
554,#6dd663,109,214,99,Anoviu,Nuvanviut,land,flatland,grasslands,continental,0,orthodox,nuvian,9642,fish,anoviu,vaniale_province,anovia_area,nuvanviut_region,kaltic,berlogoes,,,yes,
555,#6dd66d,109,214,109,Vaniale,Nuvanviut,land,flatland,woods,continental,0.1,orthodox,nuvian,9642,lumber,vaniale,vaniale_province,anovia_area,nuvanviut_region,kaltic,berlogoes,,,yes,
556,#63d66d,99,214,109,Sethos,Nuvanviut,land,hills,forest,continental,,orthodox,nuvian,8437,copper,sethos,vaniale_province,anovia_area,nuvanviut_region,kaltic,berlogoes,,,,
557,#6ad16a,106,209,106,Pfelbern,Nuvanviut,land,wetlands,woods,continental,0,orthodox,nuvian,8000,millet,pfelbern,zygono_province,anovia_area,nuvanviut_region,kaltic,berlogoes,,,yes,
558,#6ad160,106,209,96,Eqilbyrn,Nuvanviut,land,wetlands,woods,continental,0,orthodox,nuvian,8000,fiber_crops,eqilbyrn,zygono_province,anovia_area,nuvanviut_region,kaltic,berlogoes,,,yes,
559,#60d16a,96,209,106,Zygono,Nuvanviut,land,hills,forest,continental,,orthodox,nuvian,10000,lumber,zygono,zygono_province,anovia_area,nuvanviut_region,kaltic,berlogoes,,,,
560,#60bc60,96,188,96,Derifia,Pioneers' Union,land,wetlands,woods,continental,0,orthodox,tikolan,9642,legumes,derifia,anuvia_province,anovia_area,nuvanviut_region,kaltic,berlogoes,,,yes,
561,#56bc60,86,188,96,Opi,Pioneers' Union,land,flatland,grasslands,continental,0,orthodox,tikolan,9642,fish,opi,anuvia_province,anovia_area,nuvanviut_region,kaltic,berlogoes,,,yes,
562,#60bc56,96,188,86,Anuvia,Pioneers' Union,land,flatland,grasslands,continental,0.1,orthodox,tikolan,11000,lumber,anuvia,anuvia_province,anovia_area,nuvanviut_region,kaltic,berlogoes,,,yes,
563,#62c158,98,193,88,Javeriol,Pioneers' Union,land,flatland,grasslands,continental,0,orthodox,tikolan,10000,rice,javeriol,cypol_province,anovia_area,nuvanviut_region,kaltic,berlogoes,,,yes,
564,#62c162,98,193,98,Cypol,Pioneers' Union,land,flatland,grasslands,continental,0.5,orthodox,tikolan,11000,pearls,cypol,cypol_province,anovia_area,nuvanviut_region,kaltic,berlogoes,,,yes,
565,#58c162,88,193,98,Vatacu,Pioneers' Union,land,flatland,grasslands,continental,0.1,orthodox,tikolan,9642,rice,vatacu,cypol_province,anovia_area,nuvanviut_region,kaltic,berlogoes,,,yes,
566,#65c65b,101,198,91,Qiliom,Pioneers' Union,land,flatland,woods,continental,0,orthodox,tikolan,7500,stone,qiliom,tigutl_province,anovia_area,nuvanviut_region,kaltic,berlogoes,,,yes,
567,#5bc665,91,198,101,Tigutl,Pioneers' Union,land,flatland,grasslands,continental,0.2,orthodox,tikolan,7500,wild_game,tigutl,tigutl_province,anovia_area,nuvanviut_region,kaltic,berlogoes,,,yes,
568,#65c665,101,198,101,Wresinya,Pioneers' Union,land,hills,woods,continental,,orthodox,tikolan,7500,gems,wresinya,tigutl_province,anovia_area,nuvanviut_region,kaltic,berlogoes,,,,
569,#68cc68,104,204,104,Clobaqe,Aybrinya,land,plateau,forest,continental,,orthodox,tikolan,5500,lumber,clobaqe,aybrinya_province,anovia_area,nuvanviut_region,kaltic,berlogoes,,,,
570,#5ecc68,94,204,104,Aybrinya,Aybrinya,land,hills,forest,continental,,orthodox,tikolan,5500,fur,aybrinya,aybrinya_province,anovia_area,nuvanviut_region,kaltic,berlogoes,,,,
571,#74a8bf,116,168,191,Yirval,Tarawa,land,flatland,woods,continental,0,orthodox,tresian,9642,coal,yirval,hytoria_province,tarawa_area,salazare_region,kaltic,berlogoes,,,yes,
572,#74b2bf,116,178,191,Hytoria,Tarawa,land,flatland,grasslands,continental,0.1,orthodox,tresian,11250,goods_gold,hytoria,hytoria_province,tarawa_area,salazare_region,kaltic,berlogoes,,,yes,
573,#7eb2bf,126,178,191,Guthria,Tarawa,land,flatland,grasslands,continental,0,orthodox,tresian,9642,lead,guthria,hytoria_province,tarawa_area,salazare_region,kaltic,berlogoes,,,yes,
574,#77b6c4,119,182,196,Rezale,Rezale,land,wetlands,woods,continental,0.1,orthodox,tresian,9642,fiber_crops,rezale,rezale_province,tarawa_area,salazare_region,kaltic,berlogoes,,,yes,
575,#81acc4,129,172,196,Tavale,Rezale,land,flatland,woods,continental,,orthodox,tresian,9642,lumber,tavale,rezale_province,tarawa_area,salazare_region,kaltic,berlogoes,,,,
576,#81b6c4,129,182,196,Ohral,Rezale,land,wetlands,woods,continental,,orthodox,tresian,9642,legumes,ohral,rezale_province,tarawa_area,salazare_region,kaltic,berlogoes,,,,
577,#7abbc9,122,187,201,Harivyen,Otapa,land,flatland,woods,continental,0,orthodox,tresian,3125,chili,harivyen,otapa_province,tarawa_area,salazare_region,kaltic,berlogoes,,,yes,
578,#84bbc9,132,187,201,Otapa,Otapa,land,wetlands,woods,continental,0.2,orthodox,tresian,7500,potato,otapa,otapa_province,tarawa_area,salazare_region,kaltic,berlogoes,,,yes,
579,#7095aa,112,149,170,Tarawa,Tarawa,land,flatland,grasslands,continental,0.4,orthodox,tresian,11250,rice,tarawa,tarawa_province,tarawa_area,salazare_region,kaltic,berlogoes,,,yes,
580,#669faa,102,159,170,Kadelion,Tarawa,land,flatland,sparse,continental,0,orthodox,tresian,7500,lumber,kadelion,tarawa_province,tarawa_area,salazare_region,kaltic,berlogoes,,,yes,
581,#709faa,112,159,170,Siphonl,Tarawa,land,flatland,grasslands,continental,0,orthodox,tresian,7500,fish,siphonl,tarawa_province,tarawa_area,salazare_region,kaltic,berlogoes,,,yes,
582,#7aa3ba,122,163,186,Caponl,Tarawa,land,wetlands,grasslands,continental,0.25,orthodox,tresian,7500,fish,caponl,abdulion_province,tarawa_area,salazare_region,kaltic,berlogoes,,,yes,
583,#7aadba,122,173,186,Decanzistar,Tarawa,land,flatland,sparse,continental,0,orthodox,tresian,3125,millet,decanzistar,abdulion_province,tarawa_area,salazare_region,kaltic,berlogoes,,,yes,
584,#70adba,112,173,186,Abdulion,Tarawa,land,hills,woods,continental,,orthodox,tresian,4166,alum,abdulion,abdulion_province,tarawa_area,salazare_region,kaltic,berlogoes,,,,
585,#6da8b5,109,168,181,Defantar,,land,flatland,sparse,arctic,0.1,norse,tresian,4166,fish,defantar,defantar_province,tarawa_area,salazare_region,kaltic,berlogoes,,,yes,
586,#77a8b5,119,168,181,Eston,,land,hills,sparse,continental,0,norse,tresian,3125,fur,eston,defantar_province,tarawa_area,salazare_region,kaltic,berlogoes,,,yes,
587,#779eb5,119,158,181,Irdmia,,land,hills,woods,continental,,norse,tresian,3125,mercury,irdmia,defantar_province,tarawa_area,salazare_region,kaltic,berlogoes,,,,
588,#74a3af,116,163,175,Khadmeris,,land,hills,sparse,continental,,norse,tresian,3125,fur,khadmeris,talection_province,tarawa_area,salazare_region,kaltic,berlogoes,,,,
589,#7499af,116,153,175,Capgreil,,land,flatland,sparse,arctic,0,norse,tresian,3125,fur,capgreil,talection_province,tarawa_area,salazare_region,kaltic,berlogoes,,,yes,
590,#6aa3af,106,163,175,Talection,Cadrokia,land,flatland,sparse,continental,0.1,catholic,morian,6000,fish,talection,talection_province,tarawa_area,salazare_region,kaltic,berlogoes,,,yes,
591,#95d3d8,149,211,216,Fonium,Fonium,land,hills,sparse,continental,,orthodox,tikolan,5000,lumber,fonium,fonium_province,tikola_area,salazare_region,kaltic,berlogoes,,,,
592,#95d3e2,149,211,226,Zazuat,Fonium,land,hills,woods,continental,,orthodox,tikolan,5000,dyes,zazuat,fonium_province,tikola_area,salazare_region,kaltic,berlogoes,,,,
593,#92cedd,146,206,221,Tikola,Tikola,land,flatland,woods,continental,0.1,orthodox,tikolan,5000,lumber,tikola,tikola_province,tikola_area,salazare_region,kaltic,berlogoes,,,yes,
594,#88c4dd,136,196,221,Speorlo,Tikola,land,flatland,woods,continental,0,orthodox,tikolan,3500,iron,speorlo,tikola_province,tikola_area,salazare_region,kaltic,berlogoes,,,yes,
595,#8fcad8,143,202,216,Peorvio,,land,flatland,grasslands,continental,0.2,norse,tikolan,5500,fish,peorvio,peorvio_province,tikola_area,salazare_region,kaltic,berlogoes,,,yes,
596,#92c4dd,146,196,221,Stascinvio,Tikola,land,plateau,sparse,continental,,orthodox,tikolan,2500,alum,stascinvio,tikola_province,tikola_area,salazare_region,kaltic,berlogoes,,,,
597,#88cedd,136,206,221,Kutkal,Tikola,land,flatland,woods,continental,0,orthodox,tikolan,5000,mercury,kutkal,tikola_province,tikola_area,salazare_region,kaltic,berlogoes,,,yes,
598,#8bc5d3,139,197,211,Orblesiu,,land,plateau,sparse,continental,,norse,tikolan,2500,fur,orblesiu,shmanl_province,tikola_area,salazare_region,kaltic,berlogoes,,,,
599,#81c5d3,129,197,211,Shmanl,,land,flatland,sparse,continental,0.1,norse,tikolan,5500,fish,shmanl,shmanl_province,tikola_area,salazare_region,kaltic,berlogoes,,,yes,
600,#81bbd3,129,187,211,Rhennial,,land,flatland,woods,continental,0,norse,tikolan,2500,lumber,rhennial,shmanl_province,tikola_area,salazare_region,kaltic,berlogoes,,,yes,
601,#8bbbd3,139,187,211,Grujbo,,land,flatland,sparse,continental,,norse,tikolan,2500,fiber_crops,grujbo,shmanl_province,tikola_area,salazare_region,kaltic,berlogoes,,,,
602,#88c0ce,136,192,206,Altalgon,Tikola,land,flatland,sparse,continental,0.2,orthodox,tikolan,4500,fish,altalgon,altalgon_province,tikola_area,salazare_region,kaltic,berlogoes,,,yes,
603,#7ec0ce,126,192,206,Wirtastinmu,Tikola,land,flatland,sparse,continental,0,orthodox,tikolan,2500,fur,wirtastinmu,altalgon_province,tikola_area,salazare_region,kaltic,berlogoes,,,yes,
604,#88b6ce,136,182,206,Peltilgon,Tikola,land,plateau,woods,continental,,orthodox,tikolan,5000,lead,peltilgon,altalgon_province,tikola_area,salazare_region,kaltic,berlogoes,,,,
605,#85cad8,133,202,216,Aiutkasin,,land,flatland,sparse,arctic,0,norse,tikolan,2500,fur,aiutkasin,peorvio_province,tikola_area,salazare_region,kaltic,berlogoes,,,yes,
606,#99d9ea,153,217,234,Loise,,land,flatland,sparse,arctic,0,norse,tikolan,1,fish,loise,loise_province,tikola_area,salazare_region,kaltic,berlogoes,,,yes,
607,#8fc0d8,143,192,216,Cloeides,,land,flatland,sparse,arctic,0,norse,tikolan,500,sand,cloeides,peorvio_province,tikola_area,salazare_region,kaltic,berlogoes,,,yes,
608,#4e6d00,78,109,0,Damien,Grenid,land,flatland,grasslands,continental,0.35,orthodox,grenidian,10000,rice,damien,damien_province,neturvaice_area,easterlands_region,kaltic,berlogoes,,,yes,
609,#586d0a,88,109,10,Foledisa,Grenid,land,flatland,woods,continental,0,orthodox,grenidian,8437,wool,foledisa,damien_province,neturvaice_area,easterlands_region,kaltic,berlogoes,,,yes,
610,#4e6d0a,78,109,10,Estial,Grenid,land,flatland,woods,continental,,orthodox,grenidian,5000,fiber_crops,estial,damien_province,neturvaice_area,easterlands_region,kaltic,berlogoes,,,,
611,#446d0a,68,109,10,Stresi,Grenid,land,wetlands,woods,continental,0,orthodox,grenidian,8437,incense,stresi,damien_province,neturvaice_area,easterlands_region,kaltic,berlogoes,,,yes,
612,#446d00,68,109,0,Sudorepi,Grenid,land,wetlands,woods,continental,0,orthodox,grenidian,5000,medicaments,sudorepi,damien_province,neturvaice_area,easterlands_region,kaltic,berlogoes,,,yes,
613,#487200,72,114,0,Foret d'Bolgosta,Costia,land,flatland,woods,continental,0,orthodox,costian,8437,stone,foret_dbolgosta,neturvaice_province,neturvaice_area,easterlands_region,kaltic,berlogoes,,,yes,
614,#52720a,82,114,10,Ceri d'Bolgosta,Costia,land,flatland,grasslands,continental,0.1,orthodox,costian,4000,copper,ceri_dbolgosta,neturvaice_province,neturvaice_area,easterlands_region,kaltic,berlogoes,,,yes,
615,#527200,82,114,0,Neturvaice,Costia,land,flatland,grasslands,continental,0.5,orthodox,costian,8437,fish,neturvaice,neturvaice_province,neturvaice_area,easterlands_region,kaltic,berlogoes,,,yes,
616,#517f0a,81,127,10,Rossitia,Costia,land,flatland,forest,continental,,orthodox,costian,4000,lumber,rossitia,rossitia_province,neturvaice_area,easterlands_region,kaltic,berlogoes,,,,
617,#5b7f0a,91,127,10,Trensarien,Costia,land,flatland,forest,continental,,orthodox,costian,4000,lumber,trensarien,rossitia_province,neturvaice_area,easterlands_region,kaltic,berlogoes,,,,
618,#5b7f00,91,127,0,Hasseriat,Costia,land,flatland,forest,continental,,orthodox,costian,4000,fiber_crops,hasseriat,rossitia_province,neturvaice_area,easterlands_region,kaltic,berlogoes,,,,
619,#517f00,81,127,0,Aminder,Costia,land,flatland,forest,continental,,orthodox,costian,7437,millet,aminder,rossitia_province,neturvaice_area,easterlands_region,kaltic,berlogoes,,,,
620,#4b7700,75,119,0,Lezukon,Costia,land,wetlands,woods,continental,,orthodox,costian,5000,legumes,lezukon,bolgosta_province,neturvaice_area,easterlands_region,kaltic,berlogoes,,,,
621,#55770a,85,119,10,Farliesia,Costia,land,wetlands,grasslands,continental,0,orthodox,costian,8437,fiber_crops,farliesia,bolgosta_province,neturvaice_area,easterlands_region,kaltic,berlogoes,,,yes,
622,#4b770a,75,119,10,Bolgosta,Costia,land,wetlands,grasslands,continental,0.1,orthodox,costian,8437,wheat,bolgosta,bolgosta_province,neturvaice_area,easterlands_region,kaltic,berlogoes,,,yes,
623,#557700,85,119,0,Arien,Costia,land,wetlands,grasslands,continental,0,orthodox,costian,4000,fish,arien,bolgosta_province,neturvaice_area,easterlands_region,kaltic,berlogoes,,,yes,
624,#5f7700,95,119,0,Traiv'ise,Costia,land,wetlands,woods,continental,,orthodox,costian,4000,lumber,traivise,bolgosta_province,neturvaice_area,easterlands_region,kaltic,berlogoes,,,,
625,#5f770a,95,119,10,Ectaloas,Costia,land,wetlands,woods,continental,,orthodox,costian,8437,fiber_crops,ectaloas,bolgosta_province,neturvaice_area,easterlands_region,kaltic,berlogoes,,,,
626,#f9acc6,249,172,198,Hoshue,Costia,land,flatland,grasslands,continental,0,orthodox,costian,13500,horses,hoshue,hoshue_province,costia_area,easterlands_region,kaltic,berlogoes,,,yes,
627,#ffaec9,255,174,201,Coseton,Costia,land,flatland,grasslands,continental,0.6,orthodox,costian,29500,silk,coseton,coseton_province,costia_area,easterlands_region,kaltic,berlogoes,,,yes,
628,#f5aec9,245,174,201,Subailt,Costia,land,flatland,grasslands,continental,0.1,orthodox,costian,12500,iron,subailt,coseton_province,costia_area,easterlands_region,kaltic,berlogoes,,,yes,
629,#efacc6,239,172,198,Sephtisai,Costia,land,flatland,grasslands,continental,0,orthodox,costian,10500,tobacco,sephtisai,hoshue_province,costia_area,easterlands_region,kaltic,berlogoes,,,yes,
630,#ffa4c9,255,164,201,Nomaresians,Costia,land,flatland,grasslands,continental,0,orthodox,costian,11500,iron,nomaresians,coseton_province,costia_area,easterlands_region,kaltic,berlogoes,,,yes,
631,#eaa8c2,234,168,194,Ceri d'Stauti,Costia,land,flatland,grasslands,continental,0.25,orthodox,costian,12714,silk,ceri_dstauti,stauti_province,costia_area,easterlands_region,kaltic,berlogoes,,,yes,
632,#f4a8c2,244,168,194,Sarberia,Costia,land,flatland,woods,continental,,orthodox,costian,5714,copper,sarberia,stauti_province,costia_area,easterlands_region,kaltic,berlogoes,,,,
633,#f49ec2,244,158,194,Diastwinia,Costia,land,wetlands,grasslands,continental,0,orthodox,costian,4714,fish,diastwinia,stauti_province,costia_area,easterlands_region,kaltic,berlogoes,,,yes,
634,#efa5be,239,165,190,Scerebaia,Badreshads,land,mountains,forest,continental,,orthodox,costian,3714,lumber,scerebaia,laeitea_province,costia_area,easterlands_region,kaltic,berlogoes,,,,
635,#ef9bbe,239,155,190,Arcepitaghia,Badreshads,land,mountains,forest,continental,,orthodox,costian,3714,silver,arcepitaghia,laeitea_province,costia_area,easterlands_region,kaltic,berlogoes,,,,
636,#e5a5be,229,165,190,Laeitea,Badreshads,land,flatland,woods,continental,,orthodox,costian,5714,silk,laeitea,laeitea_province,costia_area,easterlands_region,kaltic,berlogoes,,,,
637,#e09ab2,224,154,178,Vailermia,Sarcia,land,flatland,woods,continental,0,coptic,costian,5714,fish,vailermia,zandirk_province,costia_area,easterlands_region,kaltic,berlogoes,,,yes,
638,#d69ab2,214,154,178,Zandirk,Sarcia,land,flatland,grasslands,continental,0.35,coptic,costian,10000,iron,zandirk,zandirk_province,costia_area,easterlands_region,kaltic,berlogoes,,,yes,
639,#e09abb,224,154,187,Yaridhan,Sarcia,land,flatland,woods,continental,0,coptic,costian,3000,rice,yaridhan,zandirk_province,costia_area,easterlands_region,kaltic,berlogoes,,,yes,
640,#db9eb6,219,158,182,Arbingel,Iratia,land,hills,woods,continental,,coptic,costian,5000,incense,arbingel,iratia_province,costia_area,easterlands_region,kaltic,berlogoes,,,,
641,#e59ec0,229,158,192,Tugellia,Iratia,land,hills,woods,continental,,coptic,costian,4000,rice,tugellia,iratia_province,costia_area,easterlands_region,kaltic,berlogoes,,,,
642,#e59eb6,229,158,182,Iratia,Iratia,land,flatland,woods,continental,,coptic,costian,5000,tobacco,iratia,iratia_province,costia_area,easterlands_region,kaltic,berlogoes,,,,
643,#e0a1ba,224,161,186,Elukar,Sarcia,land,mountains,forest,continental,,coptic,costian,3000,lumber,elukar,vandalea_province,costia_area,easterlands_region,kaltic,berlogoes,,,,
644,#ea96ba,234,150,186,Duntaikande,Sarcia,land,flatland,forest,continental,,coptic,costian,3000,silk,duntaikande,vandalea_province,costia_area,easterlands_region,kaltic,berlogoes,,,,
645,#eaa1ba,234,161,186,Vandalea,Sarcia,land,flatland,woods,continental,,coptic,costian,5000,rice,vandalea,vandalea_province,costia_area,easterlands_region,kaltic,berlogoes,,,,
646,#f200f2,242,0,242,Waneburgh,Sarcia,land,flatland,grasslands,continental,0.25,coptic,sarcian,12665,dyes,waneburgh,waneburgh_province,sarcia_area,easterlands_region,kaltic,berlogoes,,,yes,
647,#f200e8,242,0,232,Oscariot,Sarcia,land,flatland,woods,continental,0,coptic,sarcian,7665,silver,oscariot,waneburgh_province,sarcia_area,easterlands_region,kaltic,berlogoes,,,yes,
648,#e800f2,232,0,242,Wane,Sarcia,land,hills,woods,continental,,coptic,sarcian,6665,rice,wane,foret_dsarzia_province,sarcia_area,easterlands_region,kaltic,berlogoes,,,,
649,#d800d8,216,0,216,Tomlisoburgh,Sarcia,land,flatland,forest,continental,,coptic,sarcian,5665,lumber,tomlisoburgh,foret_dsarzia_province,sarcia_area,easterlands_region,kaltic,berlogoes,,,,
650,#ce00d8,206,0,216,Foret d'Sarzia,Sarcia,land,flatland,woods,continental,,coptic,sarcian,8665,stone,foret_dsarzia,foret_dsarzia_province,sarcia_area,easterlands_region,kaltic,berlogoes,,,,
651,#ff00f5,255,0,245,Gatirst,Sarcia,land,flatland,forest,continental,,coptic,sarcian,5643,rice,gatirst,sarcia_province,sarcia_area,easterlands_region,kaltic,berlogoes,,,,
652,#f500f5,245,0,245,Vugeria,Sarcia,land,flatland,forest,continental,,coptic,sarcian,6643,dyes,vugeria,sarcia_province,sarcia_area,easterlands_region,kaltic,berlogoes,,,,
653,#f500ff,245,0,255,Sarcia,Sarcia,land,hills,woods,continental,,coptic,sarcian,8643,saffron,sarcia,sarcia_province,sarcia_area,easterlands_region,kaltic,berlogoes,,,,
654,#ff00ff,255,0,255,Belrost,Sarcia,land,flatland,forest,continental,,coptic,sarcian,7643,fiber_crops,belrost,sarcia_province,sarcia_area,easterlands_region,kaltic,berlogoes,,,,
655,#e800e8,232,0,232,Maddos,Sarcia,land,flatland,grasslands,continental,0.15,coptic,sarcian,8665,alum,maddos,garzatia_province,sarcia_area,easterlands_region,kaltic,berlogoes,,,yes,
656,#db00e5,219,0,229,Hemmas,Sarcia,land,flatland,grasslands,continental,0.2,coptic,sarcian,9643,fish,hemmas,garzatia_province,sarcia_area,easterlands_region,kaltic,berlogoes,,,yes,
657,#e500db,229,0,219,Garzaia,Sarcia,land,flatland,grasslands,continental,0.25,coptic,sarcian,10643,dyes,garzaia,garzatia_province,sarcia_area,easterlands_region,kaltic,berlogoes,,,yes,
658,#e500e5,229,0,229,Hoduari,Sarcia,land,flatland,woods,continental,,coptic,sarcian,9643,rice,hoduari,garzatia_province,sarcia_area,easterlands_region,kaltic,berlogoes,,,,
659,#49000c,73,0,12,Sutten,Archavia,land,flatland,grasslands,continental,0,orthodox,archavian,200,fish,sutten,sutten_province,archavia_area,pukaland_region,kaltic,berlogoes,,,yes,
660,#49140c,73,20,12,Wytekres,Archavia,land,flatland,grasslands,continental,0.35,orthodox,archavian,300,copper,wytekres,sutten_province,archavia_area,pukaland_region,kaltic,berlogoes,,,yes,
661,#6d0012,109,0,18,Wirdlin,,land,flatland,grasslands,continental,0.2,orthodox,archavian,8333,silk,wirdlin,wirdlin_province,holy_chairenia_area,pukaland_region,kaltic,berlogoes,,,yes,
662,#6d000b,109,0,11,Jaksvnin,,land,flatland,grasslands,continental,0,orthodox,archavian,6136,fish,jaksvnin,wirdlin_province,holy_chairenia_area,pukaland_region,kaltic,berlogoes,,,yes,
663,#ea0027,234,0,39,Matilapsi,,land,flatland,grasslands,continental,0,orthodox,archavian,5437,sand,matilapsi,archavian_chain_province,archavia_area,pukaland_region,kaltic,berlogoes,,,yes,
664,#ea1127,234,17,39,Kopa,,land,flatland,grasslands,continental,0,orthodox,archavian,6250,fish,kopa,archavian_chain_province,archavia_area,pukaland_region,kaltic,berlogoes,,,yes,
665,#4f210d,79,33,13,Arktu,Archavia,land,flatland,grasslands,continental,0.4,orthodox,archavian,31642,marble,arktu,arktu_province,archavia_area,pukaland_region,kaltic,berlogoes,,,yes,
666,#4f000d,79,0,13,Rastenzen,Archavia,land,flatland,grasslands,continental,0.1,orthodox,archavian,11437,fish,rastenzen,arktu_province,archavia_area,pukaland_region,kaltic,berlogoes,,,yes,
667,#4f211b,79,33,27,Markhivin,Archavia,land,flatland,woods,continental,0,orthodox,archavian,10437,amber,markhivin,arktu_province,archavia_area,pukaland_region,kaltic,berlogoes,,,yes,
668,#4f0a0d,79,10,13,Donibar,Archavia,land,flatland,grasslands,continental,0.1,orthodox,archavian,8437,pearls,donibar,arktu_province,archavia_area,pukaland_region,kaltic,berlogoes,,,yes,
669,#440a0b,68,10,11,Grenidian Isles,Grenid,land,flatland,grasslands,continental,0,orthodox,grenidian,2000,tin,grenidian_isles,grenid_province,grenid_area,pukaland_region,kaltic,berlogoes,,,yes,
670,#44141e,68,20,30,Grenid,Grenid,land,flatland,grasslands,continental,0.15,orthodox,grenidian,10000,fiber_crops,grenid,grenid_province,grenid_area,pukaland_region,kaltic,berlogoes,,,yes,
671,#44140b,68,20,11,Peletu,Grenid,land,flatland,grasslands,continental,0,orthodox,grenidian,8000,lumber,peletu,grenid_province,grenid_area,pukaland_region,kaltic,berlogoes,,,yes,
672,#441414,68,20,20,Kiltan,Grenid,land,flatland,forest,continental,,orthodox,grenidian,6000,rice,kiltan,grenid_province,grenid_area,pukaland_region,kaltic,berlogoes,,,,
673,#44000b,68,0,11,Tuvitko,Grenid,land,wetlands,woods,continental,0,orthodox,grenidian,7000,fish,tuvitko,grenid_province,grenid_area,pukaland_region,kaltic,berlogoes,,,yes,
674,#590a18,89,10,24,Letinsten,Badreshads,land,wetlands,forest,continental,,orthodox,badreshad,7000,tin,letinsten,gagicia_province,grenid_area,pukaland_region,kaltic,berlogoes,,,,
675,#59000e,89,0,14,Gagicia,Badreshads,land,flatland,grasslands,continental,0.1,orthodox,grenidian,6500,wool,gagicia,gagicia_province,grenid_area,pukaland_region,kaltic,berlogoes,,,yes,
676,#59240e,89,36,14,Batiselarte,Badreshads,land,wetlands,forest,continental,,orthodox,grenidian,5000,rice,batiselarte,gagicia_province,grenid_area,pukaland_region,kaltic,berlogoes,,,,
677,#590018,89,0,24,Dagrastlor,Badreshads,land,wetlands,woods,continental,,orthodox,badreshad,7000,fiber_crops,dagrastlor,gagicia_province,grenid_area,pukaland_region,kaltic,berlogoes,,,,
678,#3f0a0a,63,10,10,Purtl,Grenid,land,flatland,woods,continental,0,orthodox,grenidian,12000,dyes,purtl,purtl_province,grenid_area,pukaland_region,kaltic,berlogoes,,,yes,
679,#3f000a,63,0,10,Lacose,Grenid,land,flatland,forest,continental,,orthodox,grenidian,9500,rice,lacose,purtl_province,grenid_area,pukaland_region,kaltic,berlogoes,,,,
680,#630a10,99,10,16,Vercepitarz,Archavia,land,flatland,grasslands,continental,0,orthodox,archavian,11437,rice,vercepitarz,archavia_province,archavia_area,pukaland_region,kaltic,berlogoes,,,yes,
681,#630010,99,0,16,Latieubro,Archavia,land,flatland,grasslands,continental,0,orthodox,archavian,14642,coffee,latieubro,archavia_province,archavia_area,pukaland_region,kaltic,berlogoes,,,yes,
682,#63001a,99,0,26,Archavia,Archavia,land,hills,woods,continental,,orthodox,archavian,11250,alum,archavia,archavia_province,archavia_area,pukaland_region,kaltic,berlogoes,,,,
683,#63161a,99,22,26,Golrapiz,Archavia,land,flatland,grasslands,continental,0,orthodox,archavian,9642,wool,golrapiz,archavia_province,archavia_area,pukaland_region,kaltic,berlogoes,,,yes,
684,#54000e,84,0,14,Filpoplis,Archavia,land,hills,sparse,continental,,orthodox,archavian,5250,fruit,filpoplis,archavia_province,archavia_area,pukaland_region,kaltic,berlogoes,,,,
687,#680021,104,0,33,Ciro,Archavia,land,flatland,grasslands,continental,0.4,orthodox,archavian,26250,rice,ciro,ciro_province,archavia_area,pukaland_region,kaltic,berlogoes,,,yes,
688,#680a11,104,10,17,Venienba,Archavia,land,flatland,grasslands,continental,0,orthodox,archavian,11250,fiber_crops,venienba,ciro_province,archavia_area,pukaland_region,kaltic,berlogoes,,,yes,
689,#680011,104,0,17,Arkaviro,Archavia,land,flatland,grasslands,continental,0,orthodox,archavian,11250,marble,arkaviro,ciro_province,archavia_area,pukaland_region,kaltic,berlogoes,,,yes,
690,#720013,114,0,19,Epiniensika,Archavia,land,flatland,grasslands,continental,0,coptic,archavian,11250,fish,epiniensika,carvato_province,holy_chairenia_area,pukaland_region,kaltic,berlogoes,,,yes,
691,#72001d,114,0,29,Erpetrovia,Archavia,land,flatland,woods,continental,,coptic,archavian,10500,coal,erpetrovia,carvato_province,holy_chairenia_area,pukaland_region,kaltic,berlogoes,,,,
692,#721a13,114,26,19,Carvato,Archavia,land,flatland,grasslands,continental,0.15,coptic,archavian,11250,coal,carvato,carvato_province,holy_chairenia_area,pukaland_region,kaltic,berlogoes,,,yes,
693,#72101d,114,16,29,Casellion,Archavia,land,flatland,woods,continental,,coptic,archavian,9642,stone,casellion,carvato_province,holy_chairenia_area,pukaland_region,kaltic,berlogoes,,,,
694,#77161d,119,22,29,Silvesto,Archavia,land,hills,grasslands,continental,0,coptic,archavian,9642,silver,silvesto,wiktoria_province,holy_chairenia_area,pukaland_region,kaltic,berlogoes,,,yes,
695,#770a1d,119,10,29,Batresho,Archavia,land,flatland,woods,continental,,coptic,archavian,9642,marble,batresho,wiktoria_province,holy_chairenia_area,pukaland_region,kaltic,berlogoes,,,,
696,#770013,119,0,19,Wiktoria,Archavia,land,flatland,grasslands,continental,0.1,coptic,archavian,9642,rice,wiktoria,wiktoria_province,holy_chairenia_area,pukaland_region,kaltic,berlogoes,,,yes,
697,#77001d,119,0,29,Prisvetaris,Archavia,land,flatland,woods,continental,,coptic,archavian,9642,lumber,prisvetaris,wiktoria_province,holy_chairenia_area,pukaland_region,kaltic,berlogoes,,,,
698,#7c0014,124,0,20,Hitolis,Archavia,land,flatland,grasslands,continental,0.2,coptic,archavian,16642,fish,hitolis,hitolis_province,holy_chairenia_area,pukaland_region,kaltic,berlogoes,,,yes,
699,#7c0a14,124,10,20,Rodziltea,Archavia,land,flatland,grasslands,continental,0,coptic,archavian,13500,rice,rodziltea,hitolis_province,holy_chairenia_area,pukaland_region,kaltic,berlogoes,,,yes,
700,#820025,130,0,37,Aristelika,Skirpeggikia,land,flatland,woods,continental,,coptic,skirpeggikian,13500,rice,aristelika,holy_chairenia_province,holy_chairenia_area,pukaland_region,kaltic,berlogoes,,,,
701,#820015,130,0,21,Smarmute,Skirpeggikia,land,hills,woods,continental,,coptic,skirpeggikian,13500,wool,smarmute,holy_chairenia_province,holy_chairenia_area,pukaland_region,kaltic,berlogoes,,,,
702,#821415,130,20,21,Chairenia,Skirpeggikia,land,flatland,grasslands,continental,,coptic,skirpeggikian,13437,lumber,chairenia,holy_chairenia_province,holy_chairenia_area,pukaland_region,kaltic,berlogoes,,,,
703,#88000a,136,0,10,Skirpegic,Skirpeggikia,land,flatland,grasslands,continental,0.2,coptic,skirpeggikian,13437,rice,skirpegic,skirpegic_province,skirpeggikia_area,pukaland_region,kaltic,berlogoes,,,yes,
704,#880015,136,0,21,Dielvidea,Skirpeggikia,land,wetlands,grasslands,continental,0,coptic,skirpeggikian,13437,fruit,dielvidea,skirpegic_province,skirpeggikia_area,pukaland_region,kaltic,berlogoes,,,yes,
705,#881215,136,18,21,Skirpegitial,Skirpeggikia,land,wetlands,grasslands,continental,0.1,coptic,skirpeggikian,13437,rice,skirpegitial,skirpegic_province,skirpeggikia_area,pukaland_region,kaltic,berlogoes,,,yes,
706,#880615,136,6,21,Ingentine,Skirpeggikia,land,flatland,grasslands,continental,0.25,coptic,skirpeggikian,8437,tin,ingentine,skirpegic_province,skirpeggikia_area,pukaland_region,kaltic,berlogoes,,,yes,
707,#8c0a17,140,10,23,Skirpegitidel,Skirpeggikia,land,wetlands,grasslands,continental,0.1,coptic,skirpeggikian,16437,rice,skirpegitidel,skirpeggikia_province,skirpeggikia_area,pukaland_region,kaltic,berlogoes,,,yes,
708,#8c001e,140,0,30,Vaitnvirom,Skirpeggikia,land,flatland,grasslands,continental,0.1,coptic,skirpeggikian,16136,fish,vaitnvirom,skirpeggikia_province,skirpeggikia_area,pukaland_region,kaltic,berlogoes,,,yes,
709,#8c0017,140,0,23,Serzko,Skirpeggikia,land,flatland,grasslands,continental,,coptic,skirpeggikian,13750,livestock,serzko,skirpeggikia_province,skirpeggikia_area,pukaland_region,kaltic,berlogoes,,,,
710,#910a18,145,10,24,Tustenial,Skirpeggikia,land,flatland,grasslands,continental,,coptic,skirpeggikian,16875,lumber,tustenial,tustenial_province,skirpeggikia_area,pukaland_region,kaltic,berlogoes,,,,
711,#910018,145,0,24,Salurion,Skirpeggikia,land,mountains,grasslands,continental,,coptic,skirpeggikian,6875,wild_game,salurion,tustenial_province,skirpeggikia_area,pukaland_region,kaltic,berlogoes,,,,
712,#910022,145,0,34,Karnathia,Skirpeggikia,land,mountains,grasslands,continental,,coptic,skirpeggikian,16875,rice,karnathia,tustenial_province,skirpeggikia_area,pukaland_region,kaltic,berlogoes,,,,
714,#a00022,160,0,34,Deratial,Skirpeggikia,land,wetlands,woods,continental,,coptic,skirpeggikian,13437,wild_game,deratial,bleagl_province,skirpeggikia_area,pukaland_region,kaltic,berlogoes,,,,
715,#a0001a,160,0,26,Bleagl,Skirpeggikia,land,flatland,grasslands,continental,,coptic,skirpeggikian,11437,medicaments,bleagl,bleagl_province,skirpeggikia_area,pukaland_region,kaltic,berlogoes,,,,
716,#a00a1a,160,10,26,Halia,Skirpeggikia,land,wetlands,grasslands,continental,,coptic,skirpeggikian,13500,cotton,halia,bleagl_province,skirpeggikia_area,pukaland_region,kaltic,berlogoes,,,,
717,#a00c1a,160,12,26,Visianta,Skirpeggikia,land,flatland,grasslands,continental,,coptic,skirpeggikian,13500,incense,visianta,bleagl_province,skirpeggikia_area,pukaland_region,kaltic,berlogoes,,,,
718,#a5001b,165,0,27,Lae,Skirpeggikia,land,hills,woods,continental,,coptic,skirpeggikian,11250,rice,lae,feddli_province,skirpeggikia_area,pukaland_region,kaltic,berlogoes,,,,
719,#a50f1b,165,15,27,Feddli,Skirpeggikia,land,hills,grasslands,continental,,coptic,skirpeggikian,11250,rice,feddli,feddli_province,skirpeggikia_area,pukaland_region,kaltic,berlogoes,,,,
720,#9b0a19,155,10,25,Iritais,Skirpeggikia,land,flatland,grasslands,continental,,coptic,skirpeggikian,16875,rice,iritais,iritais_province,skirpeggikia_area,pukaland_region,kaltic,berlogoes,,,,
721,#9b0019,155,0,25,Sazka,Skirpeggikia,land,flatland,grasslands,continental,,coptic,skirpeggikian,11875,saffron,sazka,iritais_province,skirpeggikia_area,pukaland_region,kaltic,berlogoes,,,,
722,#9b0025,155,0,37,Jessehnri,Skirpeggikia,land,hills,grasslands,continental,,coptic,skirpeggikian,9875,cotton,jessehnri,iritais_province,skirpeggikia_area,pukaland_region,kaltic,berlogoes,,,,
723,#aa0a1c,170,10,28,Barsanza,Skirpeggikia,land,mountains,woods,continental,,coptic,skirpeggikian,6642,stone,barsanza,duehar_province,skirpeggikia_area,pukaland_region,kaltic,berlogoes,,,,
724,#aa001c,170,0,28,Duehar,Skirpeggikia,land,mountains,forest,continental,,coptic,skirpeggikian,6642,lumber,duehar,duehar_province,skirpeggikia_area,pukaland_region,kaltic,berlogoes,,,,
726,#af0a1d,175,10,29,Pvires,Skirpeggikia,land,flatland,grasslands,continental,,coptic,skirpeggikian,16875,medicaments,pvires,pvires_province,skirpeggikia_area,pukaland_region,kaltic,berlogoes,,,,
727,#af1127,175,17,39,Vasdji,Skirpeggikia,land,flatland,grasslands,continental,,coptic,skirpeggikian,11250,fish,vasdji,pvires_province,skirpeggikia_area,pukaland_region,kaltic,berlogoes,,,,
728,#af001d,175,0,29,Zonzik,Skirpeggikia,land,hills,grasslands,continental,,coptic,skirpeggikian,11250,rice,zonzik,pvires_province,skirpeggikia_area,pukaland_region,kaltic,berlogoes,,,,
729,#b50a1e,181,10,30,Retcarpato,Badreshads,land,flatland,grasslands,continental,,orthodox,badreshad,9642,cotton,retcarpato,qrailo_province,woestlands_area,pukaland_region,kaltic,berlogoes,,,,
730,#b51121,181,17,33,Pertosavskor,Badreshads,land,wetlands,woods,continental,,orthodox,badreshad,9875,coal,pertosavskor,qrailo_province,woestlands_area,pukaland_region,kaltic,berlogoes,,,,
731,#b5001e,181,0,30,Qrailo,Badreshads,land,flatland,grasslands,continental,,orthodox,badreshad,16875,wild_game,qrailo,qrailo_province,woestlands_area,pukaland_region,kaltic,berlogoes,,,,
732,#d60023,214,0,35,Velbonter,Badreshads,land,flatland,grasslands,continental,,orthodox,badreshad,16875,fruit,velbonter,pukarres_province,woestlands_area,pukaland_region,kaltic,berlogoes,,,,
733,#d60019,214,0,25,Tominge,Badreshads,land,hills,woods,continental,,orthodox,badreshad,20000,rice,tominge,pukarres_province,woestlands_area,pukaland_region,kaltic,berlogoes,,,,
734,#d60f23,214,15,35,Pukarres,Badreshads,land,flatland,grasslands,continental,,orthodox,badreshad,115000,rice,pukarres,pukarres_province,woestlands_area,pukaland_region,kaltic,berlogoes,,,,
735,#ba001f,186,0,31,Wodfirpiz,Badreshads,land,hills,woods,continental,,orthodox,badreshad,11250,fiber_crops,wodfirpiz,voestlands_province,woestlands_area,pukaland_region,kaltic,berlogoes,,,,
736,#ba0a28,186,10,40,Bondolpasago,Badreshads,land,mountains,forest,continental,,orthodox,badreshad,9875,millet,bondolpasago,voestlands_province,woestlands_area,pukaland_region,kaltic,berlogoes,,,,
737,#ba0a1f,186,10,31,Kastros,Badreshads,land,mountains,forest,continental,,orthodox,badreshad,9875,stone,kastros,voestlands_province,woestlands_area,pukaland_region,kaltic,berlogoes,,,,
738,#c4142a,196,20,42,Delvartia,Badreshads,land,hills,forest,continental,,orthodox,badreshad,9875,rice,delvartia,togl_province,woestlands_area,pukaland_region,kaltic,berlogoes,,,,
739,#c40020,196,0,32,Ezictora,Badreshads,land,hills,woods,continental,,orthodox,badreshad,8875,fruit,ezictora,togl_province,woestlands_area,pukaland_region,kaltic,berlogoes,,,,
740,#c40a20,196,10,32,Togl,Badreshads,land,mountains,forest,continental,,orthodox,badreshad,9875,stone,togl,togl_province,woestlands_area,pukaland_region,kaltic,berlogoes,,,,
741,#d10a22,209,10,34,Lestvieton,Archavia,land,hills,grasslands,continental,,orthodox,archavian,25000,rice,lestvieton,sorcitia_province,woestlands_area,pukaland_region,kaltic,berlogoes,,,,
742,#d10a2c,209,10,44,Tradistrecto,Archavia,land,flatland,grasslands,continental,,orthodox,archavian,17000,copper,tradistrecto,sorcitia_province,woestlands_area,pukaland_region,kaltic,berlogoes,,,,
743,#d10022,209,0,34,Sorcitia,Archavia,land,flatland,grasslands,continental,,orthodox,archavian,16875,fish,sorcitia,sorcitia_province,woestlands_area,pukaland_region,kaltic,berlogoes,,,,
744,#d11422,209,20,34,Resdenti,Archavia,land,flatland,grasslands,continental,,orthodox,archavian,12500,rice,resdenti,sorcitia_province,woestlands_area,pukaland_region,kaltic,berlogoes,,,,
745,#d11e36,209,30,54,Portlin,Archavia,land,flatland,grasslands,continental,,orthodox,archavian,30000,rice,portlin,sorcitia_province,woestlands_area,pukaland_region,kaltic,berlogoes,,,,
747,#db0a24,219,10,36,Patrionado,Badreshads,land,hills,woods,continental,,orthodox,badreshad,11875,coal,patrionado,costavia_province,woestlands_area,pukaland_region,kaltic,berlogoes,,,,
748,#db0024,219,0,36,Bitatialion,Badreshads,land,hills,woods,continental,,orthodox,badreshad,8500,saltpeter,bitatialion,costavia_province,woestlands_area,pukaland_region,kaltic,berlogoes,,,,
749,#db002e,219,0,46,Costavia,Badreshads,land,mountains,forest,continental,,orthodox,badreshad,7500,potato,costavia,costavia_province,woestlands_area,pukaland_region,kaltic,berlogoes,,,,
750,#e00a25,224,10,37,Ainvorsest,Badreshads,land,mountains,forest,continental,,orthodox,badreshad,8500,lumber,ainvorsest,ridgelands_province,grenid_area,pukaland_region,kaltic,berlogoes,,,,
751,#e00025,224,0,37,Gristpasago,Badreshads,land,mountains,forest,continental,,orthodox,badreshad,6500,gems,gristpasago,ridgelands_province,grenid_area,pukaland_region,kaltic,berlogoes,,,,
752,#5e0023,94,0,35,Hailarcue,Archavia,land,wetlands,woods,continental,,orthodox,archavian,10500,fruit,hailarcue,mazupis_province,grenid_area,pukaland_region,kaltic,berlogoes,,,,
753,#5e000f,94,0,15,Mazupis,Archavia,land,flatland,grasslands,continental,,orthodox,archavian,13500,fruit,mazupis,mazupis_province,grenid_area,pukaland_region,kaltic,berlogoes,,,,
754,#5e140f,94,20,15,Jemenies,Archavia,land,wetlands,grasslands,continental,,orthodox,archavian,11500,rice,jemenies,mazupis_province,grenid_area,pukaland_region,kaltic,berlogoes,,,,
755,#5e0a0f,94,10,15,Avukargone,Archavia,land,wetlands,grasslands,continental,,orthodox,archavian,10875,mercury,avukargone,mazupis_province,grenid_area,pukaland_region,kaltic,berlogoes,,,,
756,#cc1422,204,20,34,Kayarnie,Badreshads,land,flatland,grasslands,continental,,orthodox,badreshad,11250,saltpeter,kayarnie,kayarnie_province,grenid_area,pukaland_region,kaltic,berlogoes,,,,
757,#cc0022,204,0,34,Roimacartaeg,Badreshads,land,hills,forest,continental,,orthodox,badreshad,9250,rice,roimacartaeg,kayarnie_province,grenid_area,pukaland_region,kaltic,berlogoes,,,,
758,#cc002c,204,0,44,Moirela,Badreshads,land,wetlands,forest,continental,,orthodox,badreshad,8250,fruit,moirela,kayarnie_province,grenid_area,pukaland_region,kaltic,berlogoes,,,,
759,#cc0a22,204,10,34,Pielepopils,Badreshads,land,wetlands,grasslands,continental,,orthodox,badreshad,10875,lead,pielepopils,kayarnie_province,grenid_area,pukaland_region,kaltic,berlogoes,,,,
760,#ed0027,237,0,39,Bolbegarisa,Archavia,land,wetlands,forest,continental,,orthodox,archavian,9250,wheat,bolbegarisa,bolbegarisa_province,archavia_area,pukaland_region,kaltic,berlogoes,,,,
761,#ed0a27,237,10,39,Norskwen,Archavia,land,wetlands,woods,continental,,orthodox,archavian,10500,iron,norskwen,bolbegarisa_province,archavia_area,pukaland_region,kaltic,berlogoes,,,,
762,#ed0a31,237,10,49,Dajon,Archavia,land,hills,sparse,continental,,orthodox,archavian,7500,sand,dajon,bolbegarisa_province,archavia_area,pukaland_region,kaltic,berlogoes,,,,
763,#c60021,198,0,33,Uvensatei,Archavia,land,wetlands,grasslands,continental,,orthodox,archavian,10500,salt,uvensatei,rostenboe_province,archavia_area,pukaland_region,kaltic,berlogoes,,,,
764,#c61421,198,20,33,Rostenboe,Archavia,land,flatland,grasslands,continental,,orthodox,archavian,10500,rice,rostenboe,rostenboe_province,archavia_area,pukaland_region,kaltic,berlogoes,,,,
765,#397272,57,114,114,Tuvita,Tuvita,land,flatland,grasslands,continental,0.1,coptic,taliman,11750,fish,tuvita,tuvita_province,tuvita_area,talima_region,kaltic,berlogoes,,,yes,
766,#2e7272,46,114,114,Aslin,Tuvita,land,flatland,grasslands,continental,0,coptic,taliman,6750,horses,aslin,tuvita_province,tuvita_area,talima_region,kaltic,berlogoes,,,yes,
767,#437272,67,114,114,Varkavan,Tuvita,land,flatland,woods,continental,,coptic,taliman,6666,copper,varkavan,tuvita_province,tuvita_area,talima_region,kaltic,berlogoes,,,,
768,#387070,56,112,112,Rasintel,Tuvita,land,mountains,woods,continental,,coptic,taliman,6666,lumber,rasintel,rasintel_province,tuvita_area,talima_region,kaltic,berlogoes,,,,
769,#2e7070,46,112,112,Ladorceda,Tuvita,land,mountains,forest,continental,,coptic,taliman,6666,legumes,ladorceda,rasintel_province,tuvita_area,talima_region,kaltic,berlogoes,,,,
770,#307575,48,117,117,Garvadrast,Zapir,land,wetlands,woods,continental,0.1,coptic,taliman,6750,wool,garvadrast,garvadrast_province,zapir_area,talima_region,kaltic,berlogoes,,,yes,
771,#4a8080,74,128,128,Ezpeci,Zapir,land,flatland,woods,continental,0,coptic,taliman,8437,fish,ezpeci,zapiric_province,zapir_area,talima_region,kaltic,berlogoes,,,yes,
772,#3a7575,58,117,117,Deuchsari,Zapir,land,wetlands,woods,continental,0,coptic,taliman,8437,copper,deuchsari,garvadrast_province,zapir_area,talima_region,kaltic,berlogoes,,,yes,
773,#368080,54,128,128,Gramastre,Zapir,land,flatland,grasslands,continental,0,coptic,taliman,8437,medicaments,gramastre,zapiric_province,zapir_area,talima_region,kaltic,berlogoes,,,yes,
774,#408080,64,128,128,Zapiric,Zapir,land,flatland,grasslands,continental,0.6,coptic,taliman,18437,fish,zapiric,zapiric_province,zapir_area,talima_region,kaltic,berlogoes,,,yes,
775,#347c7c,52,124,124,Smediele,Zapir,land,wetlands,woods,continental,0,coptic,taliman,5000,fish,smediele,smediele_province,zapir_area,talima_region,kaltic,berlogoes,,,yes,
776,#337a7a,51,122,122,Ciolrone,Ciolrone,land,hills,woods,continental,,coptic,taliman,8437,lead,ciolrone,ciolrone_province,tuvita_area,talima_region,kaltic,berlogoes,,,,
777,#3d7a7a,61,122,122,Cadvarka,Ciolrone,land,hills,woods,continental,,coptic,taliman,6666,wild_game,cadvarka,ciolrone_province,tuvita_area,talima_region,kaltic,berlogoes,,,,
778,#317777,49,119,119,Claspilere,Zapir,land,hills,forest,continental,,coptic,taliman,8437,lumber,claspilere,courpoltare_province,tuvita_area,talima_region,kaltic,berlogoes,,,,
779,#3b7777,59,119,119,Courpoltare,Zapir,land,hills,woods,continental,,coptic,taliman,6666,fruit,courpoltare,courpoltare_province,tuvita_area,talima_region,kaltic,berlogoes,,,,
780,#457777,69,119,119,Yevorana,Zapir,land,hills,woods,continental,,coptic,taliman,6666,lumber,yevorana,courpoltare_province,tuvita_area,talima_region,kaltic,berlogoes,,,,
781,#487c7c,72,124,124,Ulyzaia,Zapir,land,wetlands,forest,continental,,coptic,taliman,8437,marble,ulyzaia,smediele_province,zapir_area,talima_region,kaltic,berlogoes,,,,
782,#3e7c7c,62,124,124,Doigpreo,Zapir,land,plateau,forest,continental,,coptic,taliman,8437,tobacco,doigpreo,smediele_province,zapir_area,talima_region,kaltic,berlogoes,,,,
783,#3a6060,58,96,96,Azersand,Cartec,land,flatland,woods,continental,0.1,coptic,low_lugeanian,5000,lumber,azersand,azersand_province,zapir_area,talima_region,kaltic,berlogoes,,,yes,
784,#306060,48,96,96,Rasmovi,Cartec,land,hills,forest,continental,,coptic,low_lugeanian,5000,lumber,rasmovi,azersand_province,zapir_area,talima_region,kaltic,berlogoes,,,,
785,#446060,68,96,96,Revizelte,Cartec,land,hills,forest,continental,0,coptic,low_lugeanian,6000,fruit,revizelte,azersand_province,zapir_area,talima_region,kaltic,berlogoes,,,yes,
786,#3b6363,59,99,99,Cartec,Cartec,land,flatland,grasslands,continental,0.35,coptic,low_lugeanian,15000,lumber,cartec,cartec_province,zapir_area,talima_region,kaltic,berlogoes,,,yes,
787,#276363,39,99,99,Askreztan,Cartec,land,flatland,woods,continental,0,coptic,low_lugeanian,7000,fiber_crops,askreztan,cartec_province,zapir_area,talima_region,kaltic,berlogoes,,,yes,
788,#316363,49,99,99,Azthina,Cartec,land,hills,forest,continental,0.1,coptic,low_lugeanian,7000,beeswax,azthina,cartec_province,zapir_area,talima_region,kaltic,berlogoes,,,yes,
789,#2f5e5e,47,94,94,Tangolste,Perratia,land,flatland,grasslands,continental,0.25,coptic,taliman,5000,pearls,tangolste,tangolste_province,zapir_area,talima_region,kaltic,berlogoes,,,yes,
790,#255e5e,37,94,94,Serinake,Perratia,land,flatland,grasslands,continental,0,coptic,taliman,30,fish,serinake,tangolste_province,zapir_area,talima_region,kaltic,berlogoes,,,yes,
791,#336666,51,102,102,Baluzsta,Perratia,land,flatland,grasslands,continental,0.15,coptic,taliman,6750,fish,baluzsta,luzsta_strip_province,perratia_area,talima_region,kaltic,berlogoes,,,yes,
792,#296666,41,102,102,Pers,Perratia,land,flatland,grasslands,continental,0.1,coptic,taliman,6750,saltpeter,pers,luzsta_strip_province,perratia_area,talima_region,kaltic,berlogoes,,,yes,
793,#366d6d,54,109,109,Altuzsta,Zapir,land,flatland,grasslands,continental,0.2,coptic,taliman,6750,lumber,altuzsta,pizaplin_province,perratia_area,talima_region,kaltic,berlogoes,,,yes,
794,#3e6868,62,104,104,Jonisizstin,Zapir,land,flatland,woods,continental,0.25,coptic,taliman,6750,dyes,jonisizstin,jonisizstin_province,perratia_area,talima_region,kaltic,berlogoes,,,yes,
795,#346868,52,104,104,Restarbia,Zapir,land,flatland,woods,continental,0,coptic,taliman,6750,fiber_crops,restarbia,jonisizstin_province,perratia_area,talima_region,kaltic,berlogoes,,,yes,
796,#2a6868,42,104,104,Vasdeciar,Zapir,land,flatland,woods,continental,0,coptic,taliman,6750,fish,vasdeciar,jonisizstin_province,perratia_area,talima_region,kaltic,berlogoes,,,yes,
797,#2c6d6d,44,109,109,Pizaplin,Zapir,land,flatland,woods,continental,0.3,coptic,taliman,6750,rice,pizaplin,pizaplin_province,perratia_area,talima_region,kaltic,berlogoes,,,yes,
798,#2b6b6b,43,107,107,Sztrpno,Perratia,land,flatland,woods,continental,0,coptic,taliman,3552,rice,sztrpno,luzsta_strip_province,perratia_area,talima_region,kaltic,berlogoes,,,yes,
799,#216b6b,33,107,107,Perzazna,Perratia,land,flatland,woods,continental,0.25,coptic,taliman,3552,lumber,perzazna,luzsta_strip_province,perratia_area,talima_region,kaltic,berlogoes,,,yes,
800,#356b6b,53,107,107,Penninitia,Zapir,land,flatland,woods,continental,,coptic,taliman,3552,copper,penninitia,pizaplin_province,perratia_area,talima_region,kaltic,berlogoes,,,,
801,#496b6b,73,107,107,Alzmorizet,Perratia,land,flatland,woods,continental,0,coptic,taliman,3552,tin,alzmorizet,alzmorizet_province,perratia_area,talima_region,kaltic,berlogoes,,,yes,
802,#485454,72,84,84,Aurzeliren,Perratia,land,flatland,woods,continental,0,coptic,taliman,3552,goods_gold,aurzeliren,alzmorizet_province,perratia_area,talima_region,kaltic,berlogoes,,,yes,
803,#345454,52,84,84,Zispitz,Perratia,land,flatland,woods,continental,0.1,coptic,taliman,3552,fish,zispitz,alzmorizet_province,perratia_area,talima_region,kaltic,berlogoes,,,yes,
804,#3e5454,62,84,84,Pertraza,Perratia,land,flatland,woods,continental,0,coptic,taliman,3552,pearls,pertraza,alzmorizet_province,perratia_area,talima_region,kaltic,berlogoes,,,yes,
805,#2a5454,42,84,84,Veleikanum,Perratia,land,flatland,woods,continental,0.1,coptic,taliman,3552,tin,veleikanum,alzmorizet_province,perratia_area,talima_region,kaltic,berlogoes,,,yes,
806,#0a8000,10,128,0,Harkic,Cartec,land,plateau,woods,continental,,coptic,low_lugeanian,8714,lumber,harkic,harkic_province,gerson_area,garson_region,lugeania,berlogoes,,,,
807,#008000,0,128,0,Charkindel,Cartec,land,plateau,woods,continental,,coptic,low_lugeanian,7714,incense,charkindel,harkic_province,gerson_area,garson_region,lugeania,berlogoes,,,,
808,#0a800a,10,128,10,Iankdol,Cartec,land,hills,woods,continental,,coptic,low_lugeanian,7714,fiber_crops,iankdol,harkic_province,gerson_area,garson_region,lugeania,berlogoes,,,,
809,#007c0a,0,124,10,Zebastan,Zebastan,land,plateau,grasslands,continental,,coptic,low_lugeanian,15714,stone,zebastan,zebastan_province,gerson_area,garson_region,lugeania,berlogoes,,,,
810,#007c00,0,124,0,Domagna,Zebastan,land,plateau,grasslands,continental,,coptic,low_lugeanian,7714,copper,domagna,zebastan_province,gerson_area,garson_region,lugeania,berlogoes,,,,
811,#0a7c0a,10,124,10,Creecia,Zebastan,land,hills,grasslands,continental,,coptic,low_lugeanian,7714,millet,creecia,zebastan_province,gerson_area,garson_region,lugeania,berlogoes,,,,
812,#0a7c00,10,124,0,Zmaikst,Zebastan,land,plateau,grasslands,continental,,coptic,low_lugeanian,9250,lumber,zmaikst,zebastan_province,gerson_area,garson_region,lugeania,berlogoes,,,,
813,#007200,0,114,0,Uretezavol,Luge,land,plateau,woods,continental,,coptic,low_lugeanian,9250,fruit,uretezavol,yuiogia_province,gerson_area,garson_region,lugeania,berlogoes,,,,
814,#00720a,0,114,10,Yuiogia,Luge,land,plateau,forest,continental,,coptic,low_lugeanian,11250,lumber,yuiogia,yuiogia_province,gerson_area,garson_region,lugeania,berlogoes,,,,
815,#0a7200,10,114,0,Alyjjmandai,Luge,land,plateau,grasslands,continental,,coptic,low_lugeanian,7714,horses,alyjjmandai,yuiogia_province,gerson_area,garson_region,lugeania,berlogoes,,,,
816,#0a7000,10,112,0,Ztyrcio,Gzerai,land,flatland,grasslands,continental,0.25,coptic,low_lugeanian,9642,fish,ztyrcio,donaza_province,gerson_area,garson_region,lugeania,berlogoes,,,yes,
817,#0a6d00,10,109,0,Duzcio,Carson,land,flatland,woods,continental,,coptic,high_lugeanian,11250,salt,duzcio,duzcio_province,gerson_area,garson_region,lugeania,berlogoes,,,,
818,#006d00,0,109,0,Annikar,Carson,land,plateau,forest,continental,,coptic,high_lugeanian,9250,wild_game,annikar,duzcio_province,gerson_area,garson_region,lugeania,berlogoes,,,,
819,#006d0a,0,109,10,Marztin,Carson,land,plateau,woods,continental,,coptic,high_lugeanian,9250,fur,marztin,duzcio_province,gerson_area,garson_region,lugeania,berlogoes,,,,
820,#007a00,0,122,0,Vrizmueth,Cartec,land,hills,forest,continental,,coptic,low_lugeanian,9250,wheat,vrizmueth,vrizmueth_province,gerson_area,garson_region,lugeania,berlogoes,,,,
821,#0a7a00,10,122,0,Gizania,Cartec,land,flatland,grasslands,continental,0.1,coptic,low_lugeanian,11250,fish,gizania,vrizmueth_province,gerson_area,garson_region,lugeania,berlogoes,,,yes,
822,#007a0a,0,122,10,Rhegniza,Cartec,land,flatland,woods,continental,,coptic,low_lugeanian,9250,lumber,rhegniza,vrizmueth_province,gerson_area,garson_region,lugeania,berlogoes,,,,
823,#007000,0,112,0,Qventien,Gzerai,land,flatland,woods,continental,0,coptic,low_lugeanian,9642,stone,qventien,donaza_province,gerson_area,garson_region,lugeania,berlogoes,,,yes,
824,#0a700a,10,112,10,Donaza,Gzerai,land,flatland,woods,continental,0.1,coptic,low_lugeanian,9642,fish,donaza,donaza_province,gerson_area,garson_region,lugeania,berlogoes,,,yes,
825,#00700a,0,112,10,Koulmbos,Gzerai,land,flatland,woods,continental,0,coptic,low_lugeanian,9642,fruit,koulmbos,donaza_province,gerson_area,garson_region,lugeania,berlogoes,,,yes,
826,#0a7700,10,119,0,Gibaria,Cartec,land,flatland,woods,continental,0.2,coptic,low_lugeanian,9642,fish,gibaria,gibaria_province,gerson_area,garson_region,lugeania,berlogoes,,,yes,
827,#00770a,0,119,10,Somiwan,Cartec,land,flatland,woods,continental,0,coptic,low_lugeanian,9642,salt,somiwan,gibaria_province,gerson_area,garson_region,lugeania,berlogoes,,,yes,
828,#007700,0,119,0,Ruvelia,Cartec,land,flatland,forest,continental,,coptic,low_lugeanian,9250,fiber_crops,ruvelia,gibaria_province,gerson_area,garson_region,lugeania,berlogoes,,,,
829,#00750a,0,117,10,Gzerai,Gzerai,land,flatland,grasslands,continental,,coptic,low_lugeanian,21250,wheat,gzerai,gzerai_province,gerson_area,garson_region,lugeania,berlogoes,,,,
830,#007500,0,117,0,Vocculza,Gzerai,land,flatland,woods,continental,,coptic,low_lugeanian,11250,lumber,vocculza,gzerai_province,gerson_area,garson_region,lugeania,berlogoes,,,,
831,#0a7500,10,117,0,Forwalz,Gzerai,land,flatland,woods,continental,,coptic,low_lugeanian,11250,livestock,forwalz,gzerai_province,gerson_area,garson_region,lugeania,berlogoes,,,,
832,#7a3333,122,51,51,Vandalezia,Carson,land,flatland,grasslands,continental,0,coptic,high_lugeanian,9090,saltpeter,vandalezia,rezchi_province,carson_area,garson_region,lugeania,berlogoes,,,yes,
833,#7a333d,122,51,61,Rezchi,Carson,land,flatland,grasslands,continental,0.5,coptic,high_lugeanian,10900,fish,rezchi,rezchi_province,carson_area,garson_region,lugeania,berlogoes,,,yes,
834,#7a3d33,122,61,51,Vermiliza,Carson,land,flatland,woods,continental,0,coptic,high_lugeanian,9090,dyes,vermiliza,rezchi_province,carson_area,garson_region,lugeania,berlogoes,,,yes,
835,#7a3d3d,122,61,61,Oloznia,Carson,land,flatland,woods,continental,0,coptic,high_lugeanian,9090,horses,oloznia,rezchi_province,carson_area,garson_region,lugeania,berlogoes,,,yes,
836,#702e38,112,46,56,Taizon,Carson,land,flatland,grasslands,continental,0.35,coptic,high_lugeanian,10090,fish,taizon,taizon_province,carson_area,garson_region,lugeania,berlogoes,,,yes,
837,#703838,112,56,56,Zibiqua,Carson,land,flatland,grasslands,continental,0,coptic,high_lugeanian,9090,stone,zibiqua,taizon_province,carson_area,garson_region,lugeania,berlogoes,,,yes,
838,#70382e,112,56,46,Atyatai,Carson,land,flatland,woods,continental,0.1,coptic,high_lugeanian,10090,lumber,atyatai,taizon_province,carson_area,garson_region,lugeania,berlogoes,,,yes,
839,#773b31,119,59,49,Senetai,Carson,land,flatland,grasslands,continental,0.75,coptic,high_lugeanian,49090,fish,senetai,senetai_province,carson_area,garson_region,lugeania,berlogoes,,,yes,
840,#773131,119,49,49,Sardigai,Carson,land,wetlands,grasslands,continental,,coptic,high_lugeanian,9090,horses,sardigai,senetai_province,carson_area,garson_region,lugeania,berlogoes,,,,
841,#773b3b,119,59,59,Lavaritai,Carson,land,flatland,grasslands,continental,,coptic,high_lugeanian,9090,wheat,lavaritai,senetai_province,carson_area,garson_region,lugeania,berlogoes,,,,
842,#77313b,119,49,59,Akramizai,Carson,land,flatland,woods,continental,,coptic,high_lugeanian,9090,wheat,akramizai,senetai_province,carson_area,garson_region,lugeania,berlogoes,,,,
843,#753a30,117,58,48,Gramiza,Carson,land,flatland,woods,continental,,coptic,high_lugeanian,9642,livestock,gramiza,gramiza_province,carson_area,garson_region,lugeania,berlogoes,,,,
844,#75303a,117,48,58,Sinbago,Carson,land,plateau,woods,continental,,coptic,high_lugeanian,9642,horses,sinbago,gramiza_province,carson_area,garson_region,lugeania,berlogoes,,,,
845,#753a3a,117,58,58,Virson,Carson,land,flatland,woods,continental,,coptic,high_lugeanian,9642,fruit,virson,gramiza_province,carson_area,garson_region,lugeania,berlogoes,,,,
846,#722f39,114,47,57,Atticai,Carson,land,flatland,grasslands,continental,0.25,coptic,high_lugeanian,10642,lumber,atticai,atticai_province,carson_area,garson_region,lugeania,berlogoes,,,yes,
847,#723939,114,57,57,Altoai,Carson,land,flatland,grasslands,continental,0.1,coptic,high_lugeanian,10642,stone,altoai,atticai_province,carson_area,garson_region,lugeania,berlogoes,,,yes,
848,#72392f,114,57,47,Burmesai,Carson,land,flatland,woods,continental,,coptic,high_lugeanian,9642,horses,burmesai,atticai_province,carson_area,garson_region,lugeania,berlogoes,,,,
849,#722f2f,114,47,47,Conqueror's Isles,Carson,land,flatland,grasslands,continental,0,coptic,high_lugeanian,4642,copper,conquerors_isles,atticai_province,carson_area,garson_region,lugeania,berlogoes,,,yes,
850,#7c3e3e,124,62,62,Quentinel,,land,flatland,grasslands,continental,0,norse,high_lugeanian,150,fish,quentinel,doryssos_province,carson_area,garson_region,lugeania,berlogoes,,,yes,
851,#7c343e,124,52,62,Anikolesia,,land,flatland,grasslands,continental,0,norse,high_lugeanian,150,pearls,anikolesia,doryssos_province,carson_area,garson_region,lugeania,berlogoes,,,yes,
852,#804040,128,64,64,Wenzor,,land,flatland,grasslands,continental,0,norse,high_lugeanian,26,alum,wenzor,doryssos_province,carson_area,garson_region,lugeania,berlogoes,,,yes,
853,#efdab0,239,218,176,Straml,Parsii,land,flatland,grasslands,continental,0.1,coptic,parsiian,7750,salt,straml,straml_province,parsii_area,parsii_region,lugeania,berlogoes,,,yes,
854,#e5e4b0,229,228,176,Ethclif,Parsii,land,flatland,grasslands,continental,0,coptic,parsiian,5750,stone,ethclif,straml_province,parsii_area,parsii_region,lugeania,berlogoes,,,yes,
855,#efe4b0,239,228,176,Vutherl,Parsii,land,flatland,grasslands,continental,0,coptic,parsiian,5750,fish,vutherl,straml_province,parsii_area,parsii_region,lugeania,berlogoes,,,yes,
856,#eadfa2,234,223,162,Partiku,Parsii,land,flatland,grasslands,continental,0,coptic,parsiian,5750,pearls,partiku,amon_province,parsii_area,parsii_region,lugeania,berlogoes,,,yes,
857,#e0dfad,224,223,173,Amon,Parsii,land,flatland,grasslands,continental,0.15,coptic,parsiian,10750,alum,amon,amon_province,parsii_area,parsii_region,lugeania,berlogoes,,,yes,
858,#eadfad,234,223,173,Cartizl,Parsii,land,flatland,grasslands,continental,0,coptic,parsiian,5750,wheat,cartizl,amon_province,parsii_area,parsii_region,lugeania,berlogoes,,,yes,
859,#ead4ad,234,212,173,Winrosl,Parsii,land,flatland,grasslands,continental,0.15,coptic,parsiian,5750,fish,winrosl,amon_province,parsii_area,parsii_region,lugeania,berlogoes,,,yes,
860,#dedcab,222,220,171,Oto,Parsii,land,flatland,grasslands,continental,0.1,coptic,parsiian,7750,livestock,oto,oto_province,parsii_area,parsii_region,lugeania,berlogoes,,,yes,
861,#e8dcab,232,220,171,Sovenla,Parsii,land,flatland,grasslands,continental,0.1,coptic,parsiian,7750,lumber,sovenla,oto_province,parsii_area,parsii_region,lugeania,berlogoes,,,yes,
862,#e8d2ab,232,210,171,Genoco,Parsii,land,flatland,grasslands,continental,0.2,coptic,parsiian,7750,fish,genoco,oto_province,parsii_area,parsii_region,lugeania,berlogoes,,,yes,
863,#dadaa9,218,218,169,Par'an,Parsii,land,flatland,grasslands,continental,0.25,coptic,parsiian,16136,fish,paran,paran_province,parsii_area,parsii_region,lugeania,berlogoes,,,yes,
864,#e5d0a9,229,208,169,Larganvia,Parsii,land,hills,woods,continental,,coptic,parsiian,6136,alum,larganvia,paran_province,parsii_area,parsii_region,lugeania,berlogoes,,,,
865,#e5daa9,229,218,169,Ibanzine,Parsii,land,hills,grasslands,continental,0.1,coptic,parsiian,10136,medicaments,ibanzine,paran_province,parsii_area,parsii_region,lugeania,berlogoes,,,yes,
866,#d3d3a4,211,211,164,Moapial,Eriellston,land,hills,grasslands,continental,0.1,coptic,parsiian,10136,fish,moapial,argenvi_province,eriellston_area,parsii_region,lugeania,berlogoes,,,yes,
867,#ddd3a4,221,211,164,Argenvi,Eriellston,land,flatland,grasslands,continental,0.15,coptic,parsiian,10136,silver,argenvi,argenvi_province,eriellston_area,parsii_region,lugeania,berlogoes,,,yes,
868,#ddc5a4,221,197,164,Abyrenzon,Eriellston,land,flatland,grasslands,continental,0,coptic,parsiian,10136,wheat,abyrenzon,argenvi_province,eriellston_area,parsii_region,lugeania,berlogoes,,,yes,
869,#e0d5a6,224,213,166,Biktorso,Eriellston,land,hills,woods,continental,,coptic,parsiian,9136,wild_game,biktorso,astravalghia_province,eriellston_area,parsii_region,lugeania,berlogoes,,,,
870,#d6d5a6,214,213,166,Benino,Eriellston,land,mountains,woods,continental,,coptic,parsiian,5000,fruit,benino,astravalghia_province,eriellston_area,parsii_region,lugeania,berlogoes,,,,
871,#e0cba6,224,203,166,Astravalghia,Eriellston,land,flatland,woods,continental,,coptic,parsiian,9136,lumber,astravalghia,astravalghia_province,eriellston_area,parsii_region,lugeania,berlogoes,,,,
873,#dbd0a2,219,208,162,Hydeburu,Eriellston,land,flatland,grasslands,continental,0.1,coptic,parsiian,33750,wheat,hydeburu,eriellston_province,eriellston_area,parsii_region,lugeania,berlogoes,,,yes,
874,#f0d0a2,240,208,162,Lesvrison,Eriellston,land,flatland,grasslands,continental,,coptic,parsiian,9333,fruit,lesvrison,eriellston_province,eriellston_area,parsii_region,lugeania,berlogoes,,,,
875,#dbc6a2,219,198,162,Eriellston,Eriellston,land,flatland,grasslands,continental,0.75,coptic,parsiian,10333,alum,eriellston,eriellston_province,eriellston_area,parsii_region,lugeania,berlogoes,,,yes,
876,#d8bca0,216,188,160,Targi,Eriellston,land,flatland,grasslands,continental,0.2,coptic,parsiian,10333,fish,targi,targi_province,eriellston_area,parsii_region,lugeania,berlogoes,,,yes,
877,#d8cea0,216,206,160,Yulovhi,Eriellston,land,flatland,grasslands,continental,,coptic,parsiian,9333,alum,yulovhi,targi_province,eriellston_area,parsii_region,lugeania,berlogoes,,,,
878,#cecea0,206,206,160,Wypex,Eriellston,land,hills,sparse,continental,,coptic,parsiian,8000,stone,wypex,targi_province,eriellston_area,parsii_region,lugeania,berlogoes,,,,
879,#d6cb9e,214,203,158,Szandikl,Eriellston,land,hills,grasslands,continental,0,coptic,parsiian,10333,sand,szandikl,caroghi_province,eriellston_area,parsii_region,lugeania,berlogoes,,,yes,
880,#cbc19e,203,193,158,Bogomil,Eriellston,land,hills,sparse,continental,,coptic,parsiian,8000,copper,bogomil,caroghi_province,eriellston_area,parsii_region,lugeania,berlogoes,,,,
881,#cbcb9e,203,203,158,Caroghi,Eriellston,land,hills,grasslands,continental,0.5,coptic,parsiian,13642,lumber,caroghi,caroghi_province,eriellston_area,parsii_region,lugeania,berlogoes,,,yes,
882,#d3c99c,211,201,156,Tyuiokil,Vikora,land,flatland,grasslands,continental,0.1,coptic,parsiian,9642,legumes,tyuiokil,tyuiokil_province,vikora_area,parsii_region,lugeania,berlogoes,,,yes,
883,#c9c99c,201,201,156,Victarisciarl,Vikora,land,hills,grasslands,continental,0,coptic,parsiian,9642,fiber_crops,victarisciarl,tyuiokil_province,vikora_area,parsii_region,lugeania,berlogoes,,,yes,
884,#d3bf9c,211,191,156,Dromab,Vikora,land,flatland,grasslands,continental,0,coptic,parsiian,9642,lumber,dromab,tyuiokil_province,vikora_area,parsii_region,lugeania,berlogoes,,,yes,
885,#d1b39a,209,179,154,Sierl,Vikora,land,hills,grasslands,continental,0.1,coptic,parsiian,11250,fish,sierl,vikora_province,vikora_area,parsii_region,lugeania,berlogoes,,,yes,
886,#d1bd9a,209,189,154,Sievion,Vikora,land,hills,grasslands,continental,0,coptic,parsiian,9250,fruit,sievion,vikora_province,vikora_area,parsii_region,lugeania,berlogoes,,,yes,
887,#d1c79a,209,199,154,Vikora,Vikora,land,flatland,grasslands,continental,0.5,coptic,parsiian,16250,marble,vikora,vikora_province,vikora_area,parsii_region,lugeania,berlogoes,,,yes,
888,#c7c79a,199,199,154,Pyliorl,Vikora,land,hills,grasslands,continental,0,coptic,parsiian,9250,marble,pyliorl,vikora_province,vikora_area,parsii_region,lugeania,berlogoes,,,yes,
889,#cec498,206,196,152,Wordalkien,Vikora,land,hills,grasslands,continental,0.2,coptic,parsiian,11250,fish,wordalkien,wordalkien_province,vikora_area,parsii_region,lugeania,berlogoes,,,yes,
890,#c4c498,196,196,152,Hanqassil,Vikora,land,hills,grasslands,continental,0,coptic,parsiian,9250,stone,hanqassil,wordalkien_province,vikora_area,parsii_region,lugeania,berlogoes,,,yes,
891,#c9b595,201,181,149,Mintasiarl,Vikora,land,hills,grasslands,continental,0,coptic,parsiian,8500,lumber,mintasiarl,merit_province,vikora_area,parsii_region,lugeania,berlogoes,,,yes,
892,#bfbf95,191,191,149,Merit,Vikora,land,flatland,grasslands,continental,0.25,coptic,parsiian,8500,wheat,merit,merit_province,vikora_area,parsii_region,lugeania,berlogoes,,,yes,
893,#c9bf95,201,191,149,Traxpis,Vikora,land,hills,grasslands,continental,,coptic,parsiian,8500,coal,traxpis,merit_province,vikora_area,parsii_region,lugeania,berlogoes,,,,
894,#c2b896,194,184,150,Murijial,Carson,land,hills,sparse,continental,,coptic,parsiian,9642,horses,murijial,luwaston_province,vikora_area,parsii_region,lugeania,berlogoes,,,,
895,#c2c296,194,194,150,Gnakil,Carson,land,hills,sparse,continental,,coptic,parsiian,7642,alum,gnakil,luwaston_province,vikora_area,parsii_region,lugeania,berlogoes,,,,
896,#ccc296,204,194,150,Luwaston,Carson,land,hills,sparse,continental,,coptic,parsiian,7642,lumber,luwaston,luwaston_province,vikora_area,parsii_region,lugeania,berlogoes,,,,
897,#b0b091,176,176,145,Jamezalve,Carson,land,hills,grasslands,continental,,coptic,high_lugeanian,8500,saltpeter,jamezalve,walvesti_province,sanxho_area,parsii_region,lugeania,berlogoes,,,,
898,#b0ba91,176,186,145,Walvesti,Carson,land,flatland,sparse,continental,,coptic,high_lugeanian,9642,fiber_crops,walvesti,walvesti_province,sanxho_area,parsii_region,lugeania,berlogoes,,,,
899,#c6b293,198,178,147,Habijen,Carson,land,plateau,sparse,continental,,coptic,high_lugeanian,6642,sand,habijen,habijen_province,sanxho_area,parsii_region,lugeania,berlogoes,,,,
901,#bcbd93,188,189,147,Locrionz,Carson,land,plateau,sparse,continental,,coptic,high_lugeanian,8500,wild_game,locrionz,habijen_province,sanxho_area,parsii_region,lugeania,berlogoes,,,,
902,#bcb38b,188,179,139,Takani,Takani,land,plateau,sparse,continental,,coptic,low_lugeanian,5000,horses,takani,takani_province,sanxho_area,parsii_region,lugeania,berlogoes,,,,
903,#bfac8d,191,172,141,Lugeania,Takani,land,plateau,sparse,continental,,coptic,low_lugeanian,5000,horses,lugeania,lugeania_province,sanxho_area,parsii_region,lugeania,berlogoes,,,,
904,#c1b885,193,184,133,Luge,Luge,land,hills,sparse,continental,,coptic,low_lugeanian,5000,lead,luge,luge_province,sanxho_area,parsii_region,lugeania,berlogoes,,,,
905,#c4ba91,196,186,145,Sermiben,Carson,land,mountains,sparse,continental,,coptic,high_lugeanian,7000,fish,sermiben,walvesti_province,sanxho_area,parsii_region,lugeania,berlogoes,,,,
906,#c1b88f,193,184,143,Tabeynix,Luge,land,mountains,sparse,continental,,coptic,low_lugeanian,6000,wheat,tabeynix,luge_province,sanxho_area,parsii_region,lugeania,berlogoes,,,,
907,#baba91,186,186,145,Orcopinan,Carson,land,hills,sparse,continental,,coptic,high_lugeanian,7642,lumber,orcopinan,walvesti_province,sanxho_area,parsii_region,lugeania,berlogoes,,,,
908,#c6bd93,198,189,147,Yvenzox,Carson,land,plateau,sparse,continental,,coptic,high_lugeanian,4642,wheat,yvenzox,habijen_province,sanxho_area,parsii_region,lugeania,berlogoes,,,,
909,#b3bd93,179,189,147,Rantaprten,Carson,land,plateau,sparse,continental,,coptic,high_lugeanian,4642,salt,rantaprten,habijen_province,sanxho_area,parsii_region,lugeania,berlogoes,,,,
910,#b7b88f,183,184,143,Promatin,Luge,land,plateau,sparse,continental,,coptic,low_lugeanian,7642,wild_game,promatin,luge_province,sanxho_area,parsii_region,lugeania,berlogoes,,,,
911,#c1ae8f,193,174,143,Novalxon,Luge,land,mountains,sparse,continental,,coptic,low_lugeanian,5000,medicaments,novalxon,luge_province,sanxho_area,parsii_region,lugeania,berlogoes,,,,
912,#b5b68d,181,182,141,Lapyxin,Takani,land,plateau,sparse,continental,,coptic,low_lugeanian,4642,mercury,lapyxin,lugeania_province,sanxho_area,parsii_region,lugeania,berlogoes,,,,
913,#bfb68d,191,182,141,Opixelia,Takani,land,plateau,sparse,continental,,coptic,low_lugeanian,5000,wheat,opixelia,lugeania_province,sanxho_area,parsii_region,lugeania,berlogoes,,,,
914,#bfb683,191,182,131,Dwanzi,Takani,land,plateau,sparse,continental,,coptic,low_lugeanian,4000,millet,dwanzi,lugeania_province,sanxho_area,parsii_region,lugeania,berlogoes,,,,
915,#bcb381,188,179,129,Sohalvuz,Takani,land,plateau,sparse,continental,,coptic,low_lugeanian,5000,lumber,sohalvuz,takani_province,sanxho_area,parsii_region,lugeania,berlogoes,,,,
916,#bca98b,188,169,139,Kirobiuz,Takani,land,plateau,sparse,continental,,coptic,low_lugeanian,5000,fruit,kirobiuz,takani_province,sanxho_area,parsii_region,lugeania,berlogoes,,,,
917,#b2b38b,178,179,139,Khmakinto,Takani,land,plateau,sparse,continental,,coptic,low_lugeanian,5875,stone,khmakinto,takani_province,sanxho_area,parsii_region,lugeania,berlogoes,,,,
918,#d8d8a7,216,216,167,Keiton,Skirpeggikia,land,flatland,grasslands,continental,,coptic,skirpeggikian,29136,copper,keiton,keiton_province,parsii_area,parsii_region,lugeania,berlogoes,,,,
919,#e2d8a7,226,216,167,Riffenium,Skirpeggikia,land,mountains,woods,continental,,coptic,skirpeggikian,6875,incense,riffenium,keiton_province,parsii_area,parsii_region,lugeania,berlogoes,,,,
,#281bb5,40,27,181,Vrondus,Carson,land,flatland,grasslands,continental,0,coptic,quaytonese,11136,fruit,vrondus,kiiris_province,quayton_area,piatraston_region,lugeania,berlogoes,,,yes,
,#3211b5,50,17,181,Dramanai,Carson,land,flatland,grasslands,continental,0,coptic,quaytonese,8136,lumber,dramanai,kiiris_province,quayton_area,piatraston_region,lugeania,berlogoes,,,yes,
,#321bb5,50,27,181,Kiiris,Carson,land,flatland,grasslands,continental,0.1,coptic,quaytonese,11136,fish,kiiris,kiiris_province,quayton_area,piatraston_region,lugeania,berlogoes,,,yes,
,#2811b5,40,17,181,Alatai,Carson,land,flatland,grasslands,continental,0,coptic,quaytonese,8136,wool,alatai,kiiris_province,quayton_area,piatraston_region,lugeania,berlogoes,,,yes,
,#371dc6,55,29,198,Baqueston,Quaid,land,flatland,grasslands,continental,0,coptic,quaytonese,8136,iron,baqueston,quaid_province,quayton_area,piatraston_region,lugeania,berlogoes,,,yes,
,#3713c6,55,19,198,Charafelt,Quaid,land,flatland,grasslands,continental,,coptic,quaytonese,11136,wool,charafelt,quaid_province,quayton_area,piatraston_region,lugeania,berlogoes,,,,
,#2d1dc6,45,29,198,Quaid,Quaid,land,flatland,grasslands,continental,0.25,coptic,quaytonese,16136,fruit,quaid,quaid_province,quayton_area,piatraston_region,lugeania,berlogoes,,,yes,
,#3215d3,50,21,211,Aria,Carson,land,flatland,grasslands,continental,0,coptic,quaytonese,11136,pearls,aria,aria_province,quayton_area,piatraston_region,lugeania,berlogoes,,,yes,
,#3c15d3,60,21,211,Alvaderai,Carson,land,flatland,grasslands,continental,,coptic,quaytonese,11136,lumber,alvaderai,aria_province,quayton_area,piatraston_region,lugeania,berlogoes,,,,
,#321fd3,50,31,211,Kuaian,Carson,land,flatland,grasslands,continental,0.1,coptic,quaytonese,16136,fish,kuaian,aria_province,quayton_area,piatraston_region,lugeania,berlogoes,,,yes,
,#3c1fd3,60,31,211,Kelijo,Carson,land,flatland,grasslands,continental,,coptic,quaytonese,11136,stone,kelijo,aria_province,quayton_area,piatraston_region,lugeania,berlogoes,,,,
,#adad63,173,173,99,Marzon,Carson,land,flatland,grasslands,continental,0.2,coptic,skersjaki,8136,fiber_crops,marzon,marzon_province,marzonia_area,skersjak_region,lugeania,berlogoes,,,yes,
,#adad68,173,173,104,Avaras,Carson,land,flatland,grasslands,continental,0,coptic,skersjaki,6136,horses,avaras,marzon_province,marzonia_area,skersjak_region,lugeania,berlogoes,,,yes,
,#adad5e,173,173,94,Saritu,Carson,land,flatland,grasslands,continental,0,coptic,skersjaki,6136,salt,saritu,marzon_province,marzonia_area,skersjak_region,lugeania,berlogoes,,,yes,
,#b2b261,178,178,97,Agylaander,Quaid,land,flatland,grasslands,continental,0,coptic,skersjaki,6136,lumber,agylaander,buorkiis_province,marzonia_area,skersjak_region,lugeania,berlogoes,,,yes,
,#b2b26b,178,178,107,Buorkiis,Quaid,land,flatland,grasslands,continental,0.1,coptic,skersjaki,6136,fish,buorkiis,buorkiis_province,marzonia_area,skersjak_region,lugeania,berlogoes,,,yes,
,#b7b76e,183,183,110,Nujodeeris,Carson,land,flatland,grasslands,continental,0,coptic,skersjaki,6136,wild_game,nujodeeris,nujodeeris_province,marzonia_area,skersjak_region,lugeania,berlogoes,,,yes,
,#b7b764,183,183,100,Stunaaes,Carson,land,flatland,grasslands,continental,,coptic,skersjaki,6136,stone,stunaaes,nujodeeris_province,marzonia_area,skersjak_region,lugeania,berlogoes,,,,
,#bcbc67,188,188,103,Carpritraner,Schemhan,land,flatland,grasslands,continental,0.8,coptic,skersjaki,10136,lumber,carpritraner,carpritraner_province,marzonia_area,skersjak_region,lugeania,berlogoes,,,yes,
,#bcbc71,188,188,113,Albanesi,Schemhan,land,flatland,grasslands,continental,0,coptic,skersjaki,6136,wheat,albanesi,carpritraner_province,marzonia_area,skersjak_region,lugeania,berlogoes,,,yes,
,#bcbc62,188,188,98,Tilquesten,Schemhan,land,flatland,grasslands,continental,0,coptic,skersjaki,6136,legumes,tilquesten,carpritraner_province,marzonia_area,skersjak_region,lugeania,berlogoes,,,yes,
,#bcbc6c,188,188,108,Skersjak,Schemhan,land,flatland,grasslands,continental,0,coptic,skersjaki,6136,tin,skersjak,carpritraner_province,marzonia_area,skersjak_region,lugeania,berlogoes,,,yes,
,#c1c165,193,193,101,Eragiu,Schemhan,land,flatland,grasslands,continental,0,coptic,skersjaki,5625,lumber,eragiu,schemhan_province,schemhan_area,skersjak_region,lugeania,berlogoes,,,yes,
,#c1c174,193,193,116,Arachiil,Schemhan,land,flatland,grasslands,continental,0,coptic,skersjaki,5625,tin,arachiil,schemhan_province,schemhan_area,skersjak_region,lugeania,berlogoes,,,yes,
,#c1c16f,193,193,111,Schemhan,Schemhan,land,flatland,grasslands,continental,0.1,coptic,skersjaki,5625,fish,schemhan,schemhan_province,schemhan_area,skersjak_region,lugeania,berlogoes,,,yes,
,#c1c160,193,193,96,Engeisten,Schemhan,land,flatland,grasslands,continental,,coptic,skersjaki,5625,wheat,engeisten,schemhan_province,schemhan_area,skersjak_region,lugeania,berlogoes,,,,
,#c1c16a,193,193,106,Kiordasten,Schemhan,land,flatland,grasslands,continental,0,coptic,skersjaki,5625,lumber,kiordasten,schemhan_province,schemhan_area,skersjak_region,lugeania,berlogoes,,,yes,
,#cccc7a,204,204,122,Lukeyenne,Siganito,land,flatland,grasslands,continental,0.3,coptic,skersjaki,7625,coal,lukeyenne,lukeyenne_province,schemhan_area,skersjak_region,lugeania,berlogoes,,,yes,
,#cccc70,204,204,112,Turgelsten,Siganito,land,flatland,grasslands,continental,0,coptic,skersjaki,5625,stone,turgelsten,lukeyenne_province,schemhan_area,skersjak_region,lugeania,berlogoes,,,yes,
,#cccc75,204,204,117,Neutim,Siganito,land,flatland,grasslands,continental,0,coptic,skersjaki,5625,tin,neutim,lukeyenne_province,schemhan_area,skersjak_region,lugeania,berlogoes,,,yes,
,#c6c672,198,198,114,Osomlina,Siganito,land,flatland,grasslands,continental,0.1,coptic,skersjaki,5625,livestock,osomlina,osomlina_province,schemhan_area,skersjak_region,lugeania,berlogoes,,,yes,
,#c6c663,198,198,99,Carazha,Siganito,land,flatland,grasslands,continental,,coptic,skersjaki,5625,wheat,carazha,osomlina_province,schemhan_area,skersjak_region,lugeania,berlogoes,,,,
,#c6c668,198,198,104,Rejiopours,Siganito,land,flatland,grasslands,continental,,coptic,skersjaki,5625,fruit,rejiopours,siganito_province,schemhan_area,skersjak_region,lugeania,berlogoes,,,,
,#c6c66d,198,198,109,Estalisten,Siganito,land,flatland,grasslands,continental,0,coptic,skersjaki,5625,horses,estalisten,siganito_province,schemhan_area,skersjak_region,lugeania,berlogoes,,,yes,
,#c6c677,198,198,119,Siganito,Siganito,land,flatland,grasslands,continental,0.15,coptic,skersjaki,7625,fish,siganito,siganito_province,schemhan_area,skersjak_region,lugeania,berlogoes,,,yes,
,#7cf4f4,124,244,244,Alzcat,Eveston,land,flatland,grasslands,continental,0,coptic,evestonese,9500,lumber,alzcat,kotaynia_province,eveston_area,piatraston_region,lugeania,berlogoes,,,yes,
,#72eaf4,114,234,244,Kotaynia,Eveston,land,flatland,grasslands,continental,0.8,coptic,evestonese,32500,wheat,kotaynia,kotaynia_province,eveston_area,piatraston_region,lugeania,berlogoes,,,yes,
,#72f4f4,114,244,244,Evium,Eveston,land,flatland,grasslands,continental,0.1,coptic,evestonese,13500,fruit,evium,kotaynia_province,eveston_area,piatraston_region,lugeania,berlogoes,,,yes,
,#70dbef,112,219,239,Entraliston,Eveston,land,flatland,grasslands,continental,0.1,coptic,evestonese,11500,lumber,entraliston,eveston_province,eveston_area,piatraston_region,lugeania,berlogoes,,,yes,
,#70e5ef,112,229,239,Delantston,Eveston,land,flatland,grasslands,continental,0,coptic,evestonese,7500,fish,delantston,eveston_province,eveston_area,piatraston_region,lugeania,berlogoes,,,yes,
,#7ae5ef,122,229,239,Persauston,Eveston,land,flatland,grasslands,continental,0,coptic,evestonese,11500,saffron,persauston,eveston_province,eveston_area,piatraston_region,lugeania,berlogoes,,,yes,
,#70efef,112,239,239,Arayston,Eveston,land,flatland,grasslands,continental,0.15,coptic,evestonese,9500,silver,arayston,eveston_province,eveston_area,piatraston_region,lugeania,berlogoes,,,yes,
,#7aefef,122,239,239,Charlaneston,Eveston,land,flatland,grasslands,continental,0.1,coptic,evestonese,11500,wine,charlaneston,eveston_province,eveston_area,piatraston_region,lugeania,berlogoes,,,yes,
,#6be5e5,107,229,229,Geminston,Carson,land,flatland,grasslands,continental,,coptic,evestonese,11714,beeswax,geminston,bankchurion_province,eveston_area,piatraston_region,lugeania,berlogoes,,,,
,#75e5e5,117,229,229,Bankchurion,Carson,land,flatland,grasslands,continental,0.25,coptic,evestonese,13636,fruit,bankchurion,bankchurion_province,eveston_area,piatraston_region,lugeania,berlogoes,,,yes,
,#6bdbe5,107,219,229,Banchurston,Carson,land,flatland,grasslands,continental,0,coptic,evestonese,15714,silver,banchurston,bankchurion_province,eveston_area,piatraston_region,lugeania,berlogoes,,,yes,
,#68e0e0,104,224,224,Craltedon,Quaid,land,flatland,grasslands,continental,,coptic,evestonese,11714,coal,craltedon,baqueston_province,eveston_area,piatraston_region,lugeania,berlogoes,,,,
,#72e0e0,114,224,224,Norbarqueia,Quaid,land,flatland,grasslands,continental,,coptic,evestonese,9714,stone,norbarqueia,baqueston_province,eveston_area,piatraston_region,lugeania,berlogoes,,,,
,#6fdbdb,111,219,219,Bartraneston,Carson,land,flatland,grasslands,continental,,coptic,evestonese,11714,wine,bartraneston,bartraneston_province,eveston_area,piatraston_region,lugeania,berlogoes,,,,
,#65dbdb,101,219,219,Ariaston,Carson,land,flatland,grasslands,continental,,coptic,evestonese,13636,lumber,ariaston,bartraneston_province,eveston_area,piatraston_region,lugeania,berlogoes,,,,
,#77eaea,119,234,234,Arayian,Carson,land,flatland,grasslands,continental,,coptic,evestonese,11500,fruit,arayian,stujnaac_province,eveston_area,piatraston_region,lugeania,berlogoes,,,,
,#6deaea,109,234,234,Stujnaac,Carson,land,flatland,grasslands,continental,,coptic,evestonese,13636,stone,stujnaac,stujnaac_province,eveston_area,piatraston_region,lugeania,berlogoes,,,,
,#75f9f9,117,249,249,Avantras,Eveston,land,flatland,grasslands,continental,,coptic,evestonese,10666,lumber,avantras,avantras_province,eveston_area,piatraston_region,lugeania,berlogoes,,,,
,#6bf9f9,107,249,249,Dedennion,Eveston,land,flatland,grasslands,continental,,coptic,evestonese,8666,lumber,dedennion,avantras_province,eveston_area,piatraston_region,lugeania,berlogoes,,,,
,#7ff9f9,127,249,249,Netiston,Eveston,land,flatland,grasslands,continental,,coptic,evestonese,6666,lumber,netiston,avantras_province,eveston_area,piatraston_region,lugeania,berlogoes,,,,
,#80ffff,128,255,255,Malqueston,Carson,land,flatland,grasslands,continental,,coptic,evestonese,8666,fruit,malqueston,malqueston_province,eveston_area,piatraston_region,lugeania,berlogoes,,,,
,#76ffff,118,255,255,Visiston,Carson,land,flatland,grasslands,continental,,coptic,evestonese,6666,silver,visiston,malqueston_province,eveston_area,piatraston_region,lugeania,berlogoes,,,,
,#954396,149,67,150,Dilysas,Trache,land,flatland,grasslands,continental,0.1,coptic,evestonese,12500,lumber,dilysas,dilysas_province,trache_area,saqunjak_region,lugeania,berlogoes,,,yes,
,#953996,149,57,150,Pjocknas,Trache,land,flatland,grasslands,continental,0,coptic,evestonese,12500,fish,pjocknas,dilysas_province,trache_area,saqunjak_region,lugeania,berlogoes,,,yes,
,#903791,144,55,145,Deskasfan,Luvanaria,land,flatland,grasslands,continental,,coptic,saqunjaki,12500,fur,deskasfan,makuqidaca_province,luvanaria_area,saqunjak_region,lugeania,berlogoes,,,,
,#904191,144,65,145,Makuqidaca,Luvanaria,land,flatland,grasslands,continental,0.15,coptic,saqunjaki,8875,fur,makuqidaca,makuqidaca_province,luvanaria_area,saqunjak_region,lugeania,berlogoes,,,yes,
,#902d91,144,45,145,Zendraja,Luvanaria,land,flatland,grasslands,arctic,0,coptic,saqunjaki,8875,fish,zendraja,makuqidaca_province,luvanaria_area,saqunjak_region,lugeania,berlogoes,,,yes,
,#923893,146,56,147,Luvanaria,Luvanaria,land,flatland,grasslands,arctic,0.1,coptic,saqunjaki,11875,stone,luvanaria,luvanaria_province,luvanaria_area,saqunjak_region,lugeania,berlogoes,,,yes,
,#924293,146,66,147,Bakukshagandes,Luvanaria,land,flatland,grasslands,continental,0.1,coptic,saqunjaki,6875,fish,bakukshagandes,luvanaria_province,luvanaria_area,saqunjak_region,lugeania,berlogoes,,,yes,
,#8d408e,141,64,142,Kumperja,Luvanaria,land,flatland,grasslands,arctic,0,coptic,saqunjaki,16875,wild_game,kumperja,kumperja_province,luvanaria_area,saqunjak_region,lugeania,berlogoes,,,yes,
,#8d368e,141,54,142,Grenerja,Luvanaria,land,flatland,grasslands,continental,,coptic,saqunjaki,11875,lumber,grenerja,kumperja_province,luvanaria_area,saqunjak_region,lugeania,berlogoes,,,,
,#8d2c8e,141,44,142,Siqzersia,Luvanaria,land,flatland,grasslands,continental,,coptic,saqunjaki,12875,lumber,siqzersia,kumperja_province,luvanaria_area,saqunjak_region,lugeania,berlogoes,,,,
,#8a358c,138,53,140,Sakunjes,Saqunjak,land,flatland,grasslands,continental,0.6,coptic,saqunjaki,11875,fish,sakunjes,sakunjes_province,saqunjak_area,saqunjak_region,lugeania,berlogoes,,,yes,
,#8a2b8c,138,43,140,Serak,Saqunjak,land,flatland,grasslands,arctic,0,coptic,saqunjaki,33666,fur,serak,sakunjes_province,saqunjak_area,saqunjak_region,lugeania,berlogoes,,,yes,
,#8a3f8c,138,63,140,Saqunjak,Saqunjak,land,flatland,grasslands,continental,,coptic,saqunjaki,11666,lumber,saqunjak,sakunjes_province,saqunjak_area,saqunjak_region,lugeania,berlogoes,,,,
,#853c87,133,60,135,Gavane,Saqunjak,land,flatland,grasslands,continental,0.4,coptic,saqunjaki,8666,coal,gavane,gavane_province,saqunjak_area,saqunjak_region,lugeania,berlogoes,,,yes,
,#852887,133,40,135,Betralses,Saqunjak,land,flatland,grasslands,arctic,0,coptic,saqunjaki,11666,fruit,betralses,gavane_province,saqunjak_area,saqunjak_region,lugeania,berlogoes,,,yes,
,#853287,133,50,135,Tuftanes,Saqunjak,land,flatland,grasslands,continental,,coptic,saqunjaki,11666,fur,tuftanes,gavane_province,saqunjak_area,saqunjak_region,lugeania,berlogoes,,,,
,#883d89,136,61,137,Cancasia,Saqunjak,land,flatland,grasslands,arctic,,coptic,saqunjaki,11666,silver,cancasia,cancasia_province,saqunjak_area,saqunjak_region,lugeania,berlogoes,,,,
,#833184,131,49,132,Karmia,Karmia,land,flatland,grasslands,arctic,,coptic,saqunjaki,8500,copper,karmia,karmia_province,karmia_area,saqunjak_region,lugeania,berlogoes,,,,
,#833b84,131,59,132,Vifprinzfor,Karmia,land,flatland,grasslands,arctic,,coptic,saqunjaki,8500,stone,vifprinzfor,karmia_province,karmia_area,saqunjak_region,lugeania,berlogoes,,,,
,#7b387c,123,56,124,Falderlund,Karmia,land,flatland,grasslands,continental,,coptic,saqunjaki,8500,lumber,falderlund,alfian_province,karmia_area,saqunjak_region,lugeania,berlogoes,,,,
,#7b2e7c,123,46,124,Alfian,Karmia,land,flatland,grasslands,continental,,coptic,saqunjaki,13500,fruit,alfian,alfian_province,karmia_area,saqunjak_region,lugeania,berlogoes,,,,
,#7e2f7f,126,47,127,Dedekins,Aravia,land,flatland,grasslands,continental,0,coptic,aravian,11875,copper,dedekins,cranisl_province,karmia_area,saqunjak_region,lugeania,berlogoes,,,yes,
,#7e397f,126,57,127,Cranisl,Aravia,land,flatland,grasslands,continental,0.25,coptic,aravian,16875,fish,cranisl,cranisl_province,karmia_area,saqunjak_region,lugeania,berlogoes,,,yes,
,#7e257f,126,37,127,Marriniq,Aravia,land,flatland,grasslands,continental,0,coptic,aravian,11875,lumber,marriniq,cranisl_province,karmia_area,saqunjak_region,lugeania,berlogoes,,,yes,
,#803a82,128,58,130,Agharaham,Saqunjak,land,flatland,grasslands,continental,,coptic,saqunjaki,8875,fur,agharaham,agharaham_province,karmia_area,saqunjak_region,lugeania,berlogoes,,,,
,#802682,128,38,130,Felginitis,Saqunjak,land,flatland,grasslands,continental,,coptic,saqunjaki,8750,fur,felginitis,agharaham_province,karmia_area,saqunjak_region,lugeania,berlogoes,,,,
,#803082,128,48,130,Anamanion,Saqunjak,land,flatland,grasslands,continental,0.1,coptic,saqunjaki,8750,fish,anamanion,agharaham_province,karmia_area,saqunjak_region,lugeania,berlogoes,,,yes,
,#974499,151,68,153,Kinator,Trache,land,flatland,grasslands,continental,,coptic,evestonese,12500,lumber,kinator,kinator_province,trache_area,saqunjak_region,lugeania,berlogoes,,,,
,#973a99,151,58,153,Trache,Trache,land,flatland,grasslands,continental,,coptic,evestonese,8666,stone,trache,kinator_province,trache_area,saqunjak_region,lugeania,berlogoes,,,,
,#9c479e,156,71,158,Lantro,Trache,land,flatland,grasslands,continental,,coptic,evestonese,6666,fur,lantro,lantro_province,trache_area,saqunjak_region,lugeania,berlogoes,,,,
,#92479e,146,71,158,Wirlestor,Trache,land,flatland,grasslands,continental,,coptic,evestonese,6666,alum,wirlestor,lantro_province,trache_area,saqunjak_region,lugeania,berlogoes,,,,
,#9a3b9b,154,59,155,Trularviena,Trache,land,flatland,grasslands,continental,,coptic,evestonese,8666,tin,trularviena,larviena_province,trache_area,saqunjak_region,lugeania,berlogoes,,,,
,#9a459b,154,69,155,Kyrellia,Trache,land,flatland,grasslands,continental,,coptic,evestonese,8666,clay,kyrellia,larviena_province,trache_area,saqunjak_region,lugeania,berlogoes,,,,
,#9f3ea0,159,62,160,Dandalosakus,Sorcancasia,land,flatland,grasslands,continental,,coptic,evestonese,8500,lumber,dandalosakus,sorcancasia_province,trache_area,saqunjak_region,lugeania,berlogoes,,,,
,#9f48a0,159,72,160,Sorcancasia,Sorcancasia,land,flatland,grasslands,arctic,,coptic,evestonese,7500,wild_game,sorcancasia,sorcancasia_province,trache_area,saqunjak_region,lugeania,berlogoes,,,,
,#883389,136,51,137,Oniman,Saqunjak,land,flatland,grasslands,arctic,,coptic,saqunjaki,7500,fur,oniman,cancasia_province,saqunjak_area,saqunjak_region,lugeania,berlogoes,,,,
,#7e2989,126,41,137,Whitscaja,Luvanaria,land,flatland,grasslands,arctic,,coptic,saqunjaki,7500,stone,whitscaja,cancasia_province,saqunjak_area,saqunjak_region,lugeania,berlogoes,,,,
,#882989,136,41,137,Cetroman,Luvanaria,land,flatland,grasslands,arctic,,coptic,saqunjaki,7500,copper,cetroman,cancasia_province,saqunjak_area,saqunjak_region,lugeania,berlogoes,,,,
,#973099,151,48,153,Zattia,Trache,land,flatland,grasslands,continental,,coptic,evestonese,12500,stone,zattia,dilysas_province,trache_area,saqunjak_region,lugeania,berlogoes,,,,
,#923d9e,146,61,158,Toghail,Trache,land,flatland,grasslands,continental,,coptic,evestonese,6666,fur,toghail,lantro_province,trache_area,saqunjak_region,lugeania,berlogoes,,,,
,#0a0082,10,0,130,Ariticana,Aravia,land,flatland,grasslands,continental,0,coptic,saqunjaki,13250,fish,ariticana,serijan_province,arcadia_area,aravia_region,lugeania,berlogoes,,,yes,
,#000082,0,0,130,Serijan,Aravia,land,flatland,grasslands,continental,0.25,coptic,aravian,16250,lumber,serijan,serijan_province,arcadia_area,aravia_region,lugeania,berlogoes,,,yes,
,#000a82,0,10,130,Tekniya,Aravia,land,flatland,grasslands,continental,,coptic,aravian,11250,alum,tekniya,serijan_province,arcadia_area,aravia_region,lugeania,berlogoes,,,,
,#000a80,0,10,128,Dechlion,Dechlion,land,flatland,sparse,continental,,coptic,aravian,13750,copper,dechlion,dechlion_province,arcadia_area,aravia_region,lugeania,berlogoes,,,,
,#0a0a80,10,10,128,Arbares,Dechlion,land,flatland,grasslands,continental,,coptic,aravian,13750,lumber,arbares,dechlion_province,arcadia_area,aravia_region,lugeania,berlogoes,,,,
,#0a0080,10,0,128,Aravisk,Dechlion,land,flatland,sparse,continental,,coptic,aravian,9642,wild_game,aravisk,dechlion_province,arcadia_area,aravia_region,lugeania,berlogoes,,,,
,#000080,0,0,128,Felgenitus,Dechlion,land,flatland,sparse,continental,,coptic,aravian,5642,wild_game,felgenitus,dechlion_province,arcadia_area,aravia_region,lugeania,berlogoes,,,,
,#0a0084,10,0,132,Reminskan,Cretadia,land,flatland,grasslands,continental,0,coptic,aravian,13250,fur,reminskan,latuviena_province,arcadia_area,aravia_region,lugeania,berlogoes,,,yes,
,#0a0a84,10,10,132,Latuviena,Cretadia,land,flatland,grasslands,continental,0.15,coptic,aravian,13250,fruit,latuviena,latuviena_province,arcadia_area,aravia_region,lugeania,berlogoes,,,yes,
,#000c84,0,12,132,Arncokia,Cretadia,land,flatland,grasslands,continental,0,coptic,aravian,13250,tobacco,arncokia,latuviena_province,arcadia_area,aravia_region,lugeania,berlogoes,,,yes,
,#000084,0,0,132,Arcadia,Cretadia,land,flatland,grasslands,continental,,coptic,aravian,22642,wheat,arcadia,cretadia_province,arcadia_area,aravia_region,lugeania,berlogoes,,,,
,#141484,20,20,132,Lertuka,Cretadia,land,flatland,grasslands,continental,,coptic,aravian,16875,wheat,lertuka,cretadia_province,arcadia_area,aravia_region,lugeania,berlogoes,,,,
,#0a1484,10,20,132,Cretadia,Cretadia,land,flatland,grasslands,continental,,coptic,aravian,13636,fruit,cretadia,cretadia_province,arcadia_area,aravia_region,lugeania,berlogoes,,,,
,#0a009b,10,0,155,Dascuwhatan,Darcius,land,flatland,grasslands,continental,0.1,coptic,aravian,13636,fish,dascuwhatan,darcius_province,arcadia_area,aravia_region,lugeania,berlogoes,,,yes,
,#00009b,0,0,155,Darcius,Darcius,land,flatland,grasslands,continental,0.15,coptic,aravian,13636,stone,darcius,darcius_province,arcadia_area,aravia_region,lugeania,berlogoes,,,yes,
,#000a99,0,10,153,Altones,Waldium,land,flatland,grasslands,continental,,coptic,aravian,7714,copper,altones,eferdardia_province,dergonatsilia_area,aravia_region,lugeania,berlogoes,,,,
,#000099,0,0,153,Gritailin,Waldium,land,flatland,grasslands,continental,,coptic,aravian,9714,fiber_crops,gritailin,eferdardia_province,dergonatsilia_area,aravia_region,lugeania,berlogoes,,,,
,#0a0099,10,0,153,Eferdardia,Waldium,land,flatland,grasslands,continental,0,coptic,aravian,13636,millet,eferdardia,eferdardia_province,dergonatsilia_area,aravia_region,lugeania,berlogoes,,,yes,
,#000096,0,0,150,Waldium,Waldium,land,flatland,grasslands,continental,,coptic,aravian,13636,wool,waldium,waldium_province,dergonatsilia_area,aravia_region,lugeania,berlogoes,,,,
,#0a0096,10,0,150,Guilermia,Waldium,land,flatland,grasslands,continental,,coptic,aravian,8666,wheat,guilermia,waldium_province,dergonatsilia_area,aravia_region,lugeania,berlogoes,,,,
,#000a96,0,10,150,Aldraat,Waldium,land,flatland,grasslands,continental,,coptic,aravian,16875,lumber,aldraat,waldium_province,dergonatsilia_area,aravia_region,lugeania,berlogoes,,,,
,#000aa0,0,10,160,Bagallen,Waldium,land,flatland,grasslands,continental,0,coptic,aravian,13636,fish,bagallen,agardia_province,dergonatsilia_area,aravia_region,lugeania,berlogoes,,,yes,
,#0000a0,0,0,160,Agardia,Waldium,land,flatland,grasslands,continental,0.2,coptic,aravian,13636,goods_gold,agardia,agardia_province,dergonatsilia_area,aravia_region,lugeania,berlogoes,,,yes,
,#0a0093,10,0,147,Caasia,Hiksof,land,flatland,grasslands,continental,,coptic,aravian,13636,wild_game,caasia,hiksof_province,dergonatsilia_area,aravia_region,lugeania,berlogoes,,,,
,#000093,0,0,147,Hiksof,Hiksof,land,flatland,grasslands,continental,0.5,coptic,aravian,10437,fruit,hiksof,hiksof_province,dergonatsilia_area,aravia_region,lugeania,berlogoes,,,yes,
,#0a0091,10,0,145,Dergonatsilia,Ithyaac,land,flatland,grasslands,continental,0.55,coptic,aravian,10437,lumber,dergonatsilia,dergonatsilia_province,dergonatsilia_area,aravia_region,lugeania,berlogoes,,,yes,
,#000a91,0,10,145,Cuquoit,Ithyaac,land,flatland,grasslands,continental,0,coptic,aravian,10437,fish,cuquoit,dergonatsilia_province,dergonatsilia_area,aravia_region,lugeania,berlogoes,,,yes,
,#000091,0,0,145,Debaara,Ithyaac,land,flatland,grasslands,continental,0,coptic,aravian,10437,medicaments,debaara,dergonatsilia_province,dergonatsilia_area,aravia_region,lugeania,berlogoes,,,yes,
,#0a008e,10,0,142,Ithyaac,Ithyaac,land,flatland,grasslands,continental,0.6,coptic,quaytonese,18437,fruit,ithyaac,ithyaac_province,dergonatsilia_area,aravia_region,lugeania,berlogoes,,,yes,
,#000a8e,0,10,142,Vialucktus,Ithyaac,land,flatland,woods,continental,,coptic,quaytonese,10437,copper,vialucktus,ithyaac_province,dergonatsilia_area,aravia_region,lugeania,berlogoes,,,,
,#00008e,0,0,142,Shelenia,Ithyaac,land,flatland,woods,continental,,coptic,quaytonese,8437,lumber,shelenia,ithyaac_province,dergonatsilia_area,aravia_region,lugeania,berlogoes,,,,
,#0a008c,10,0,140,Carijaniston,Carson,land,flatland,sparse,continental,,coptic,quaytonese,8437,wild_game,carijaniston,carijaniston_province,dergonatsilia_area,aravia_region,lugeania,berlogoes,,,,
,#00008c,0,0,140,Dabration,Carson,land,flatland,sparse,continental,,coptic,quaytonese,16875,lumber,dabration,carijaniston_province,dergonatsilia_area,aravia_region,lugeania,berlogoes,,,,
,#0a0089,10,0,137,Umbrianer,Carson,land,flatland,sparse,continental,,coptic,quaytonese,11875,wheat,umbrianer,sordesaran_province,dergonatsilia_area,aravia_region,lugeania,berlogoes,,,,
,#000089,0,0,137,Markinsburg,Carson,land,flatland,sparse,continental,,coptic,quaytonese,10000,livestock,markinsburg,sordesaran_province,dergonatsilia_area,aravia_region,lugeania,berlogoes,,,,
,#000a89,0,10,137,Sordesaran,Carson,land,flatland,sparse,continental,,coptic,quaytonese,6000,wild_game,sordesaran,sordesaran_province,dergonatsilia_area,aravia_region,lugeania,berlogoes,,,,
,#0a0087,10,0,135,Larviena,Arcadia,land,flatland,grasslands,continental,,coptic,aravian,9642,tin,larviena,desaran_province,arcadia_area,aravia_region,lugeania,berlogoes,,,,
,#0a0a87,10,10,135,Muntan,Arcadia,land,flatland,sparse,continental,,coptic,aravian,5642,stone,muntan,desaran_province,arcadia_area,aravia_region,lugeania,berlogoes,,,,
,#000087,0,0,135,Desaran,Arcadia,land,flatland,sparse,continental,,coptic,aravian,5642,wild_game,desaran,desaran_province,arcadia_area,aravia_region,lugeania,berlogoes,,,,
,#000a87,0,10,135,Refrenzja,Arcadia,land,flatland,sparse,continental,,coptic,aravian,5642,salt,refrenzja,desaran_province,arcadia_area,aravia_region,lugeania,berlogoes,,,,
,#00d318,0,211,24,Medilon,,land,flatland,woods,continental,0,norse,aravian,500,fish,medilon,medilon_province,carfetso_area,cretuka_region,lugeania,berlogoes,,,yes,
,#00d30e,0,211,14,Exodus Isles,,land,flatland,woods,continental,0,norse,aravian,500,fish,exodus_isles,medilon_province,carfetso_area,cretuka_region,lugeania,berlogoes,,,yes,
,#00dd0f,0,221,15,Terignus,,land,flatland,woods,continental,0.1,norse,aravian,500,coal,terignus,terignus_province,carfetso_area,cretuka_region,lugeania,berlogoes,,,yes,
,#00dd19,0,221,25,Terkno,,land,flatland,woods,continental,0,norse,aravian,500,pearls,terkno,terignus_province,carfetso_area,cretuka_region,lugeania,berlogoes,,,yes,
,#00d80f,0,216,15,Saldanos,,land,flatland,forest,continental,0,norse,aravian,500,lumber,saldanos,saldanos_province,carfetso_area,cretuka_region,lugeania,berlogoes,,,yes,
,#00d819,0,216,25,Belfingo,,land,flatland,forest,continental,0,norse,aravian,500,copper,belfingo,saldanos_province,carfetso_area,cretuka_region,lugeania,berlogoes,,,yes,
,#00e010,0,224,16,Tanagero,,land,flatland,forest,continental,0,norse,aravian,500,wool,tanagero,cartco_province,carfetso_area,cretuka_region,lugeania,berlogoes,,,yes,
,#00e01a,0,224,26,Cartco,Ithyaac,land,flatland,grasslands,continental,0.6,coptic,quaytonese,1014,fish,cartco,cartco_province,carfetso_area,cretuka_region,lugeania,berlogoes,,,yes,
,#00e51a,0,229,26,Karatzon,,land,flatland,woods,continental,0.4,norse,aravian,500,gems,karatzon,karatzon_province,carfetso_area,cretuka_region,lugeania,berlogoes,,,yes,
,#00e510,0,229,16,Cordenvil,,land,flatland,woods,continental,0,norse,aravian,500,lumber,cordenvil,karatzon_province,carfetso_area,cretuka_region,lugeania,berlogoes,,,yes,
,#00ea1b,0,234,27,Carfetsorive,,land,flatland,forest,continental,0,norse,aravian,500,fiber_crops,carfetsorive,jaco_province,carfetso_area,cretuka_region,lugeania,berlogoes,,,yes,
,#00f41c,0,244,28,Danton,,land,flatland,woods,continental,0,norse,aravian,571,lumber,danton,ibers_province,carfetso_area,cretuka_region,lugeania,berlogoes,,,yes,
,#00ea11,0,234,17,Jaco,,land,flatland,woods,continental,0.2,norse,aravian,571,stone,jaco,jaco_province,carfetso_area,cretuka_region,lugeania,berlogoes,,,yes,
,#00f408,0,244,8,Ibers,,land,flatland,woods,continental,0.1,norse,aravian,571,fish,ibers,ibers_province,carfetso_area,cretuka_region,lugeania,berlogoes,,,yes,
,#00f412,0,244,18,Recutica,,land,flatland,woods,continental,0,norse,aravian,571,fur,recutica,ibers_province,carfetso_area,cretuka_region,lugeania,berlogoes,,,yes,
,#00ef07,0,239,7,Pelrico,,land,flatland,forest,continental,0,norse,aravian,571,rice,pelrico,verdalia_province,carfetso_area,cretuka_region,lugeania,berlogoes,,,yes,
,#00ef1b,0,239,27,Peserzko,,land,flatland,forest,continental,0,norse,aravian,571,fish,peserzko,verdalia_province,carfetso_area,cretuka_region,lugeania,berlogoes,,,yes,
,#00ef11,0,239,17,Verdalia,,land,flatland,forest,continental,0.1,norse,aravian,571,alum,verdalia,verdalia_province,carfetso_area,cretuka_region,lugeania,berlogoes,,,yes,
,#00bf16,0,191,22,Salvajan,Waldium,land,flatland,woods,continental,0.1,coptic,aravian,1014,fish,salvajan,mariavila_province,celartan_area,cretuka_region,lugeania,berlogoes,,,yes,
,#00bf02,0,191,2,Mariavila,,land,flatland,woods,continental,0.15,norse,aravian,500,lumber,mariavila,mariavila_province,celartan_area,cretuka_region,lugeania,berlogoes,,,yes,
,#00bf0c,0,191,12,Bridone,,land,flatland,woods,continental,0,norse,aravian,500,fur,bridone,mariavila_province,celartan_area,cretuka_region,lugeania,berlogoes,,,yes,
,#00ba15,0,186,21,Celartan,,land,flatland,forest,arctic,0,norse,aravian,500,lumber,celartan,cranteka_province,celartan_area,cretuka_region,lugeania,berlogoes,,,yes,
,#00ba0b,0,186,11,Cranteka,,land,flatland,forest,continental,0.1,norse,aravian,500,fur,cranteka,cranteka_province,celartan_area,cretuka_region,lugeania,berlogoes,,,yes,
,#00b50b,0,181,11,Minarksim,,land,flatland,forest,continental,0.15,norse,aravian,500,fur,minarksim,minarksim_province,celartan_area,cretuka_region,lugeania,berlogoes,,,yes,
,#00b515,0,181,21,Cramad,,land,flatland,forest,arctic,0,norse,aravian,500,wild_game,cramad,minarksim_province,celartan_area,cretuka_region,lugeania,berlogoes,,,yes,
,#00b501,0,181,1,Agstranna,,land,flatland,forest,arctic,0,norse,aravian,500,silver,agstranna,cranteka_province,celartan_area,cretuka_region,lugeania,berlogoes,,,yes,
,#00ce04,0,206,4,Niuarcadia,,land,flatland,forest,continental,0.1,norse,aravian,500,fish,niuarcadia,niuarcadia_province,omtaphas_area,cretuka_region,lugeania,berlogoes,,,yes,
,#00c90d,0,201,13,Omtaphas,,land,flatland,forest,arctic,0,norse,aravian,500,wild_game,omtaphas,omtaphas_province,omtaphas_area,cretuka_region,lugeania,berlogoes,,,yes,
,#00c416,0,196,22,Felijia,Cretuka,land,flatland,woods,continental,0,coptic,aravian,1000,fish,felijia,felijia_province,omtaphas_area,cretuka_region,lugeania,berlogoes,,,yes,
,#00c917,0,201,23,Tiketere,,land,flatland,forest,arctic,0,norse,aravian,500,lumber,tiketere,omtaphas_province,omtaphas_area,cretuka_region,lugeania,berlogoes,,,yes,
,#00c40c,0,196,12,Dijotinia,,land,flatland,forest,continental,0,norse,aravian,500,stone,dijotinia,felijia_province,omtaphas_area,cretuka_region,lugeania,berlogoes,,,yes,
,#00ce0e,0,206,14,Haradda,,land,flatland,forest,arctic,0,norse,aravian,500,lumber,haradda,niuarcadia_province,omtaphas_area,cretuka_region,lugeania,berlogoes,,,yes,
,#00ce18,0,206,24,Harronsburg,,land,flatland,forest,continental,0,norse,aravian,500,lumber,harronsburg,niuarcadia_province,omtaphas_area,cretuka_region,lugeania,berlogoes,,,yes,
,#00f91d,0,249,29,Bristynle,,land,flatland,woods,continental,0,norse,aravian,125,fruit,bristynle,akresint_province,carfetso_area,cretuka_region,lugeania,berlogoes,,,yes,
,#00f913,0,249,19,Akresint,,land,flatland,woods,continental,0.1,norse,aravian,150,lumber,akresint,akresint_province,carfetso_area,cretuka_region,lugeania,berlogoes,,,yes,
,#00ff21,0,255,33,Perith,,land,flatland,grasslands,continental,0.6,norse,aravian,500,wheat,perith,perith_province,carfetso_area,cretuka_region,lugeania,berlogoes,,,yes,
,#00ff0d,0,255,13,Dyviont,,land,flatland,forest,continental,0,norse,aravian,100,fish,dyviont,perith_province,carfetso_area,cretuka_region,lugeania,berlogoes,,,yes,
,#00ff17,0,255,23,Valkatelth,,land,flatland,woods,continental,0,norse,aravian,125,stone,valkatelth,perith_province,carfetso_area,cretuka_region,lugeania,berlogoes,,,yes,